"Date","PM2.5 AQI Value","Main Pollutant","Site Name","Site ID","Source"
"01/01/2016","31","","Rockland County","36-087-0005","AQS"
"01/02/2016","44","","Rockland County","36-087-0005","AQS"
"01/03/2016","52","","Rockland County","36-087-0005","AQS"
"01/04/2016","39","","Rockland County","36-087-0005","AQS"
"01/05/2016","46","","Rockland County","36-087-0005","AQS"
"01/06/2016","37","","Rockland County","36-087-0005","AQS"
"01/07/2016","56","","Rockland County","36-087-0005","AQS"
"01/08/2016","52","","Rockland County","36-087-0005","AQS"
"01/09/2016","52","","Rockland County","36-087-0005","AQS"
"01/10/2016","18","","Rockland County","36-087-0005","AQS"
"01/11/2016","33","","Rockland County","36-087-0005","AQS"
"01/12/2016","35","","Rockland County","36-087-0005","AQS"
"01/13/2016","38","","Rockland County","36-087-0005","AQS"
"01/14/2016","50","","Rockland County","36-087-0005","AQS"
"01/15/2016","60","","Rockland County","36-087-0005","AQS"
"01/16/2016","41","","Rockland County","36-087-0005","AQS"
"01/17/2016","29","","Rockland County","36-087-0005","AQS"
"01/18/2016","33","","Rockland County","36-087-0005","AQS"
"01/19/2016","21","","Rockland County","36-087-0005","AQS"
"01/20/2016","23","","Rockland County","36-087-0005","AQS"
"01/21/2016","28","","Rockland County","36-087-0005","AQS"
"01/22/2016","20","","Rockland County","36-087-0005","AQS"
"01/23/2016","24","","Rockland County","36-087-0005","AQS"
"01/24/2016","39","","Rockland County","36-087-0005","AQS"
"01/25/2016","53","","Rockland County","36-087-0005","AQS"
"01/26/2016","53","","Rockland County","36-087-0005","AQS"
"01/27/2016","35","","Rockland County","36-087-0005","AQS"
"01/28/2016","32","","Rockland County","36-087-0005","AQS"
"01/29/2016","44","","Rockland County","36-087-0005","AQS"
"01/30/2016","42","","Rockland County","36-087-0005","AQS"
"01/31/2016","55","","Rockland County","36-087-0005","AQS"
"02/01/2016","45","","Rockland County","36-087-0005","AQS"
"02/02/2016","28","","Rockland County","36-087-0005","AQS"
"02/03/2016","27","","Rockland County","36-087-0005","AQS"
"02/04/2016","25","","Rockland County","36-087-0005","AQS"
"02/05/2016","22","","Rockland County","36-087-0005","AQS"
"02/06/2016","32","","Rockland County","36-087-0005","AQS"
"02/07/2016","48","","Rockland County","36-087-0005","AQS"
"02/08/2016","17","","Rockland County","36-087-0005","AQS"
"02/09/2016","27","","Rockland County","36-087-0005","AQS"
"02/10/2016","33","","Rockland County","36-087-0005","AQS"
"02/11/2016","23","","Rockland County","36-087-0005","AQS"
"02/12/2016","20","","Rockland County","36-087-0005","AQS"
"02/13/2016","30","","Rockland County","36-087-0005","AQS"
"02/14/2016","28","","Rockland County","36-087-0005","AQS"
"02/15/2016","43","","Rockland County","36-087-0005","AQS"
"02/16/2016","18","","Rockland County","36-087-0005","AQS"
"02/17/2016","26","","Rockland County","36-087-0005","AQS"
"02/18/2016","19","","Rockland County","36-087-0005","AQS"
"02/19/2016","25","","Rockland County","36-087-0005","AQS"
"02/20/2016","38","","Rockland County","36-087-0005","AQS"
"02/21/2016","30","","Rockland County","36-087-0005","AQS"
"02/22/2016","20","","Rockland County","36-087-0005","AQS"
"02/23/2016","23","","Rockland County","36-087-0005","AQS"
"02/24/2016","4","","Rockland County","36-087-0005","AQS"
"02/25/2016","18","","Rockland County","36-087-0005","AQS"
"02/26/2016","23","","Rockland County","36-087-0005","AQS"
"02/27/2016","26","","Rockland County","36-087-0005","AQS"
"02/28/2016","35","","Rockland County","36-087-0005","AQS"
"02/29/2016","26","","Rockland County","36-087-0005","AQS"
"03/01/2016","15","","Rockland County","36-087-0005","AQS"
"03/02/2016","26","","Rockland County","36-087-0005","AQS"
"03/03/2016","19","","Rockland County","36-087-0005","AQS"
"03/04/2016","24","","Rockland County","36-087-0005","AQS"
"03/05/2016","20","","Rockland County","36-087-0005","AQS"
"03/06/2016","27","","Rockland County","36-087-0005","AQS"
"03/07/2016","52","","Rockland County","36-087-0005","AQS"
"03/08/2016","61","","Rockland County","36-087-0005","AQS"
"03/09/2016","58","","Rockland County","36-087-0005","AQS"
"03/10/2016","56","","Rockland County","36-087-0005","AQS"
"03/11/2016","13","","Rockland County","36-087-0005","AQS"
"03/12/2016","16","","Rockland County","36-087-0005","AQS"
"03/13/2016","28","","Rockland County","36-087-0005","AQS"
"03/14/2016","15","","Rockland County","36-087-0005","AQS"
"03/16/2016","18","","Rockland County","36-087-0005","AQS"
"03/17/2016","11","","Rockland County","36-087-0005","AQS"
"03/18/2016","14","","Rockland County","36-087-0005","AQS"
"03/19/2016","10","","Rockland County","36-087-0005","AQS"
"03/20/2016","15","","Rockland County","36-087-0005","AQS"
"03/21/2016","18","","Rockland County","36-087-0005","AQS"
"03/22/2016","23","","Rockland County","36-087-0005","AQS"
"03/23/2016","40","","Rockland County","36-087-0005","AQS"
"03/24/2016","38","","Rockland County","36-087-0005","AQS"
"03/25/2016","35","","Rockland County","36-087-0005","AQS"
"03/26/2016","20","","Rockland County","36-087-0005","AQS"
"03/27/2016","23","","Rockland County","36-087-0005","AQS"
"03/28/2016","3","","Rockland County","36-087-0005","AQS"
"03/29/2016","10","","Rockland County","36-087-0005","AQS"
"03/30/2016","17","","Rockland County","36-087-0005","AQS"
"03/31/2016","27","","Rockland County","36-087-0005","AQS"
"04/01/2016","23","","Rockland County","36-087-0005","AQS"
"04/02/2016","11","","Rockland County","36-087-0005","AQS"
"04/03/2016","18","","Rockland County","36-087-0005","AQS"
"04/04/2016","18","","Rockland County","36-087-0005","AQS"
"04/05/2016","16","","Rockland County","36-087-0005","AQS"
"04/06/2016","14","","Rockland County","36-087-0005","AQS"
"04/07/2016","14","","Rockland County","36-087-0005","AQS"
"04/08/2016","11","","Rockland County","36-087-0005","AQS"
"04/09/2016","19","","Rockland County","36-087-0005","AQS"
"04/10/2016","17","","Rockland County","36-087-0005","AQS"
"04/11/2016","32","","Rockland County","36-087-0005","AQS"
"04/12/2016","23","","Rockland County","36-087-0005","AQS"
"04/13/2016","14","","Rockland County","36-087-0005","AQS"
"04/14/2016","18","","Rockland County","36-087-0005","AQS"
"04/15/2016","22","","Rockland County","36-087-0005","AQS"
"04/16/2016","24","","Rockland County","36-087-0005","AQS"
"04/17/2016","28","","Rockland County","36-087-0005","AQS"
"04/18/2016","29","","Rockland County","36-087-0005","AQS"
"04/19/2016","23","","Rockland County","36-087-0005","AQS"
"04/20/2016","11","","Rockland County","36-087-0005","AQS"
"04/21/2016","32","","Rockland County","36-087-0005","AQS"
"04/22/2016","67","","Rockland County","36-087-0005","AQS"
"04/23/2016","22","","Rockland County","36-087-0005","AQS"
"04/24/2016","15","","Rockland County","36-087-0005","AQS"
"04/25/2016","26","","Rockland County","36-087-0005","AQS"
"04/26/2016","20","","Rockland County","36-087-0005","AQS"
"04/27/2016","9","","Rockland County","36-087-0005","AQS"
"04/28/2016","15","","Rockland County","36-087-0005","AQS"
"04/29/2016","16","","Rockland County","36-087-0005","AQS"
"04/30/2016","15","","Rockland County","36-087-0005","AQS"
"05/03/2016","0","","Rockland County","36-087-0005","AQS"
"05/04/2016","0","","Rockland County","36-087-0005","AQS"
"05/05/2016","0","","Rockland County","36-087-0005","AQS"
"05/06/2016","4","","Rockland County","36-087-0005","AQS"
"05/07/2016","5","","Rockland County","36-087-0005","AQS"
"05/08/2016","10","","Rockland County","36-087-0005","AQS"
"05/09/2016","28","","Rockland County","36-087-0005","AQS"
"05/10/2016","9","","Rockland County","36-087-0005","AQS"
"05/11/2016","20","","Rockland County","36-087-0005","AQS"
"05/12/2016","29","","Rockland County","36-087-0005","AQS"
"05/13/2016","43","","Rockland County","36-087-0005","AQS"
"05/14/2016","12","","Rockland County","36-087-0005","AQS"
"05/15/2016","3","","Rockland County","36-087-0005","AQS"
"05/16/2016","8","","Rockland County","36-087-0005","AQS"
"05/17/2016","18","","Rockland County","36-087-0005","AQS"
"05/18/2016","13","","Rockland County","36-087-0005","AQS"
"05/19/2016","18","","Rockland County","36-087-0005","AQS"
"05/20/2016","15","","Rockland County","36-087-0005","AQS"
"05/21/2016","17","","Rockland County","36-087-0005","AQS"
"05/22/2016","20","","Rockland County","36-087-0005","AQS"
"05/23/2016","30","","Rockland County","36-087-0005","AQS"
"05/24/2016","19","","Rockland County","36-087-0005","AQS"
"05/25/2016","54","","Rockland County","36-087-0005","AQS"
"05/26/2016","63","","Rockland County","36-087-0005","AQS"
"05/27/2016","67","","Rockland County","36-087-0005","AQS"
"05/28/2016","53","","Rockland County","36-087-0005","AQS"
"05/29/2016","46","","Rockland County","36-087-0005","AQS"
"05/30/2016","21","","Rockland County","36-087-0005","AQS"
"05/31/2016","21","","Rockland County","36-087-0005","AQS"
"06/01/2016","19","","Rockland County","36-087-0005","AQS"
"06/02/2016","20","","Rockland County","36-087-0005","AQS"
"06/03/2016","33","","Rockland County","36-087-0005","AQS"
"06/04/2016","39","","Rockland County","36-087-0005","AQS"
"06/05/2016","4","","Rockland County","36-087-0005","AQS"
"06/06/2016","15","","Rockland County","36-087-0005","AQS"
"06/07/2016","14","","Rockland County","36-087-0005","AQS"
"06/08/2016","7","","Rockland County","36-087-0005","AQS"
"06/09/2016","6","","Rockland County","36-087-0005","AQS"
"06/10/2016","8","","Rockland County","36-087-0005","AQS"
"06/11/2016","38","","Rockland County","36-087-0005","AQS"
"06/15/2016","13","","Rockland County","36-087-0005","AQS"
"06/16/2016","40","","Rockland County","36-087-0005","AQS"
"06/17/2016","25","","Rockland County","36-087-0005","AQS"
"06/18/2016","29","","Rockland County","36-087-0005","AQS"
"06/19/2016","52","","Rockland County","36-087-0005","AQS"
"06/20/2016","45","","Rockland County","36-087-0005","AQS"
"06/21/2016","9","","Rockland County","36-087-0005","AQS"
"06/22/2016","9","","Rockland County","36-087-0005","AQS"
"06/23/2016","31","","Rockland County","36-087-0005","AQS"
"06/24/2016","20","","Rockland County","36-087-0005","AQS"
"06/25/2016","25","","Rockland County","36-087-0005","AQS"
"06/26/2016","33","","Rockland County","36-087-0005","AQS"
"06/27/2016","30","","Rockland County","36-087-0005","AQS"
"06/28/2016","18","","Rockland County","36-087-0005","AQS"
"06/29/2016","6","","Rockland County","36-087-0005","AQS"
"06/30/2016","12","","Rockland County","36-087-0005","AQS"
"07/01/2016","27","","Rockland County","36-087-0005","AQS"
"07/02/2016","8","","Rockland County","36-087-0005","AQS"
"07/03/2016","17","","Rockland County","36-087-0005","AQS"
"07/04/2016","40","","Rockland County","36-087-0005","AQS"
"07/06/2016","32","","Rockland County","36-087-0005","AQS"
"07/07/2016","45","","Rockland County","36-087-0005","AQS"
"07/08/2016","31","","Rockland County","36-087-0005","AQS"
"07/09/2016","4","","Rockland County","36-087-0005","AQS"
"07/10/2016","0","","Rockland County","36-087-0005","AQS"
"07/11/2016","1","","Rockland County","36-087-0005","AQS"
"07/12/2016","20","","Rockland County","36-087-0005","AQS"
"07/13/2016","25","","Rockland County","36-087-0005","AQS"
"07/14/2016","30","","Rockland County","36-087-0005","AQS"
"07/15/2016","28","","Rockland County","36-087-0005","AQS"
"07/16/2016","28","","Rockland County","36-087-0005","AQS"
"07/17/2016","26","","Rockland County","36-087-0005","AQS"
"07/18/2016","33","","Rockland County","36-087-0005","AQS"
"07/19/2016","8","","Rockland County","36-087-0005","AQS"
"07/20/2016","8","","Rockland County","36-087-0005","AQS"
"07/21/2016","36","","Rockland County","36-087-0005","AQS"
"07/22/2016","58","","Rockland County","36-087-0005","AQS"
"07/23/2016","33","","Rockland County","36-087-0005","AQS"
"07/28/2016","33","","Rockland County","36-087-0005","AQS"
"07/29/2016","33","","Rockland County","36-087-0005","AQS"
"07/30/2016","29","","Rockland County","36-087-0005","AQS"
"07/31/2016","19","","Rockland County","36-087-0005","AQS"
"08/01/2016","7","","Rockland County","36-087-0005","AQS"
"08/02/2016","9","","Rockland County","36-087-0005","AQS"
"08/03/2016","8","","Rockland County","36-087-0005","AQS"
"08/04/2016","16","","Rockland County","36-087-0005","AQS"
"08/05/2016","22","","Rockland County","36-087-0005","AQS"
"08/06/2016","25","","Rockland County","36-087-0005","AQS"
"08/07/2016","6","","Rockland County","36-087-0005","AQS"
"08/08/2016","9","","Rockland County","36-087-0005","AQS"
"08/09/2016","21","","Rockland County","36-087-0005","AQS"
"08/10/2016","22","","Rockland County","36-087-0005","AQS"
"08/11/2016","19","","Rockland County","36-087-0005","AQS"
"08/12/2016","19","","Rockland County","36-087-0005","AQS"
"08/13/2016","36","","Rockland County","36-087-0005","AQS"
"08/14/2016","10","","Rockland County","36-087-0005","AQS"
"08/15/2016","13","","Rockland County","36-087-0005","AQS"
"08/16/2016","28","","Rockland County","36-087-0005","AQS"
"08/17/2016","3","","Rockland County","36-087-0005","AQS"
"08/18/2016","10","","Rockland County","36-087-0005","AQS"
"08/19/2016","20","","Rockland County","36-087-0005","AQS"
"08/20/2016","24","","Rockland County","36-087-0005","AQS"
"08/21/2016","20","","Rockland County","36-087-0005","AQS"
"08/22/2016","0","","Rockland County","36-087-0005","AQS"
"08/23/2016","4","","Rockland County","36-087-0005","AQS"
"08/24/2016","21","","Rockland County","36-087-0005","AQS"
"08/25/2016","35","","Rockland County","36-087-0005","AQS"
"08/26/2016","28","","Rockland County","36-087-0005","AQS"
"08/27/2016","22","","Rockland County","36-087-0005","AQS"
"08/28/2016","26","","Rockland County","36-087-0005","AQS"
"08/29/2016","9","","Rockland County","36-087-0005","AQS"
"08/31/2016","33","","Rockland County","36-087-0005","AQS"
"09/03/2016","9","","Rockland County","36-087-0005","AQS"
"09/04/2016","9","","Rockland County","36-087-0005","AQS"
"09/05/2016","8","","Rockland County","36-087-0005","AQS"
"09/06/2016","6","","Rockland County","36-087-0005","AQS"
"09/07/2016","8","","Rockland County","36-087-0005","AQS"
"09/08/2016","41","","Rockland County","36-087-0005","AQS"
"09/09/2016","28","","Rockland County","36-087-0005","AQS"
"09/10/2016","54","","Rockland County","36-087-0005","AQS"
"09/11/2016","17","","Rockland County","36-087-0005","AQS"
"09/12/2016","3","","Rockland County","36-087-0005","AQS"
"09/13/2016","16","","Rockland County","36-087-0005","AQS"
"09/14/2016","21","","Rockland County","36-087-0005","AQS"
"09/15/2016","1","","Rockland County","36-087-0005","AQS"
"09/16/2016","11","","Rockland County","36-087-0005","AQS"
"09/17/2016","13","","Rockland County","36-087-0005","AQS"
"09/18/2016","28","","Rockland County","36-087-0005","AQS"
"09/19/2016","12","","Rockland County","36-087-0005","AQS"
"09/20/2016","14","","Rockland County","36-087-0005","AQS"
"09/21/2016","15","","Rockland County","36-087-0005","AQS"
"09/22/2016","18","","Rockland County","36-087-0005","AQS"
"09/23/2016","32","","Rockland County","36-087-0005","AQS"
"09/24/2016","5","","Rockland County","36-087-0005","AQS"
"09/25/2016","6","","Rockland County","36-087-0005","AQS"
"09/26/2016","9","","Rockland County","36-087-0005","AQS"
"09/27/2016","13","","Rockland County","36-087-0005","AQS"
"09/28/2016","20","","Rockland County","36-087-0005","AQS"
"09/29/2016","10","","Rockland County","36-087-0005","AQS"
"09/30/2016","5","","Rockland County","36-087-0005","AQS"
"10/01/2016","0","","Rockland County","36-087-0005","AQS"
"10/02/2016","8","","Rockland County","36-087-0005","AQS"
"10/04/2016","12","","Rockland County","36-087-0005","AQS"
"10/05/2016","8","","Rockland County","36-087-0005","AQS"
"10/06/2016","20","","Rockland County","36-087-0005","AQS"
"10/07/2016","23","","Rockland County","36-087-0005","AQS"
"10/08/2016","14","","Rockland County","36-087-0005","AQS"
"10/09/2016","5","","Rockland County","36-087-0005","AQS"
"10/10/2016","7","","Rockland County","36-087-0005","AQS"
"10/11/2016","11","","Rockland County","36-087-0005","AQS"
"10/12/2016","18","","Rockland County","36-087-0005","AQS"
"10/13/2016","17","","Rockland County","36-087-0005","AQS"
"10/14/2016","5","","Rockland County","36-087-0005","AQS"
"10/15/2016","14","","Rockland County","36-087-0005","AQS"
"10/16/2016","26","","Rockland County","36-087-0005","AQS"
"10/17/2016","46","","Rockland County","36-087-0005","AQS"
"10/18/2016","51","","Rockland County","36-087-0005","AQS"
"10/19/2016","28","","Rockland County","36-087-0005","AQS"
"10/20/2016","16","","Rockland County","36-087-0005","AQS"
"10/21/2016","5","","Rockland County","36-087-0005","AQS"
"10/22/2016","3","","Rockland County","36-087-0005","AQS"
"10/23/2016","15","","Rockland County","36-087-0005","AQS"
"10/24/2016","14","","Rockland County","36-087-0005","AQS"
"10/25/2016","6","","Rockland County","36-087-0005","AQS"
"10/26/2016","6","","Rockland County","36-087-0005","AQS"
"10/27/2016","2","","Rockland County","36-087-0005","AQS"
"10/28/2016","9","","Rockland County","36-087-0005","AQS"
"10/29/2016","19","","Rockland County","36-087-0005","AQS"
"10/30/2016","48","","Rockland County","36-087-0005","AQS"
"10/31/2016","8","","Rockland County","36-087-0005","AQS"
"11/02/2016","32","","Rockland County","36-087-0005","AQS"
"11/03/2016","34","","Rockland County","36-087-0005","AQS"
"11/04/2016","11","","Rockland County","36-087-0005","AQS"
"11/05/2016","21","","Rockland County","36-087-0005","AQS"
"11/06/2016","18","","Rockland County","36-087-0005","AQS"
"11/07/2016","10","","Rockland County","36-087-0005","AQS"
"11/08/2016","19","","Rockland County","36-087-0005","AQS"
"11/09/2016","41","","Rockland County","36-087-0005","AQS"
"11/10/2016","8","","Rockland County","36-087-0005","AQS"
"11/11/2016","16","","Rockland County","36-087-0005","AQS"
"11/12/2016","9","","Rockland County","36-087-0005","AQS"
"11/13/2016","25","","Rockland County","36-087-0005","AQS"
"11/14/2016","53","","Rockland County","36-087-0005","AQS"
"11/15/2016","32","","Rockland County","36-087-0005","AQS"
"11/16/2016","35","","Rockland County","36-087-0005","AQS"
"11/17/2016","42","","Rockland County","36-087-0005","AQS"
"11/18/2016","30","","Rockland County","36-087-0005","AQS"
"11/19/2016","21","","Rockland County","36-087-0005","AQS"
"11/20/2016","12","","Rockland County","36-087-0005","AQS"
"11/21/2016","12","","Rockland County","36-087-0005","AQS"
"11/22/2016","17","","Rockland County","36-087-0005","AQS"
"11/23/2016","17","","Rockland County","36-087-0005","AQS"
"11/24/2016","24","","Rockland County","36-087-0005","AQS"
"11/25/2016","44","","Rockland County","36-087-0005","AQS"
"11/26/2016","21","","Rockland County","36-087-0005","AQS"
"11/27/2016","15","","Rockland County","36-087-0005","AQS"
"11/28/2016","33","","Rockland County","36-087-0005","AQS"
"11/29/2016","26","","Rockland County","36-087-0005","AQS"
"11/30/2016","18","","Rockland County","36-087-0005","AQS"
"12/05/2016","24","","Rockland County","36-087-0005","AQS"
"12/06/2016","20","","Rockland County","36-087-0005","AQS"
"12/07/2016","22","","Rockland County","36-087-0005","AQS"
"12/08/2016","29","","Rockland County","36-087-0005","AQS"
"12/09/2016","21","","Rockland County","36-087-0005","AQS"
"12/10/2016","25","","Rockland County","36-087-0005","AQS"
"12/11/2016","31","","Rockland County","36-087-0005","AQS"
"12/12/2016","30","","Rockland County","36-087-0005","AQS"
"12/13/2016","40","","Rockland County","36-087-0005","AQS"
"12/14/2016","38","","Rockland County","36-087-0005","AQS"
"12/15/2016","25","","Rockland County","36-087-0005","AQS"
"12/16/2016","34","","Rockland County","36-087-0005","AQS"
"12/17/2016","33","","Rockland County","36-087-0005","AQS"
"12/18/2016","39","","Rockland County","36-087-0005","AQS"
"12/19/2016","17","","Rockland County","36-087-0005","AQS"
"12/20/2016","21","","Rockland County","36-087-0005","AQS"
"12/21/2016","48","","Rockland County","36-087-0005","AQS"
"12/22/2016","53","","Rockland County","36-087-0005","AQS"
"12/23/2016","34","","Rockland County","36-087-0005","AQS"
"12/24/2016","41","","Rockland County","36-087-0005","AQS"
"12/25/2016","29","","Rockland County","36-087-0005","AQS"
"12/26/2016","25","","Rockland County","36-087-0005","AQS"
"12/27/2016","29","","Rockland County","36-087-0005","AQS"
"12/28/2016","26","","Rockland County","36-087-0005","AQS"
"12/29/2016","26","","Rockland County","36-087-0005","AQS"
"12/30/2016","29","","Rockland County","36-087-0005","AQS"
"12/31/2016","29","","Rockland County","36-087-0005","AQS"
"01/01/2017","49","","Rockland County","36-087-0005","AQS"
"01/02/2017","43","","Rockland County","36-087-0005","AQS"
"01/03/2017","16","","Rockland County","36-087-0005","AQS"
"01/06/2017","41","","Rockland County","36-087-0005","AQS"
"01/07/2017","40","","Rockland County","36-087-0005","AQS"
"01/08/2017","41","","Rockland County","36-087-0005","AQS"
"01/09/2017","38","","Rockland County","36-087-0005","AQS"
"01/10/2017","44","","Rockland County","36-087-0005","AQS"
"01/11/2017","44","","Rockland County","36-087-0005","AQS"
"01/12/2017","45","","Rockland County","36-087-0005","AQS"
"01/13/2017","36","","Rockland County","36-087-0005","AQS"
"01/14/2017","32","","Rockland County","36-087-0005","AQS"
"01/15/2017","41","","Rockland County","36-087-0005","AQS"
"01/16/2017","48","","Rockland County","36-087-0005","AQS"
"01/17/2017","54","","Rockland County","36-087-0005","AQS"
"01/18/2017","23","","Rockland County","36-087-0005","AQS"
"01/19/2017","21","","Rockland County","36-087-0005","AQS"
"01/20/2017","29","","Rockland County","36-087-0005","AQS"
"01/21/2017","38","","Rockland County","36-087-0005","AQS"
"01/22/2017","45","","Rockland County","36-087-0005","AQS"
"01/25/2017","24","","Rockland County","36-087-0005","AQS"
"01/26/2017","27","","Rockland County","36-087-0005","AQS"
"01/27/2017","24","","Rockland County","36-087-0005","AQS"
"01/28/2017","24","","Rockland County","36-087-0005","AQS"
"01/29/2017","33","","Rockland County","36-087-0005","AQS"
"01/30/2017","22","","Rockland County","36-087-0005","AQS"
"01/31/2017","30","","Rockland County","36-087-0005","AQS"
"02/01/2017","33","","Rockland County","36-087-0005","AQS"
"02/04/2017","23","","Rockland County","36-087-0005","AQS"
"02/05/2017","39","","Rockland County","36-087-0005","AQS"
"02/06/2017","33","","Rockland County","36-087-0005","AQS"
"02/07/2017","36","","Rockland County","36-087-0005","AQS"
"02/08/2017","24","","Rockland County","36-087-0005","AQS"
"02/09/2017","22","","Rockland County","36-087-0005","AQS"
"02/10/2017","23","","Rockland County","36-087-0005","AQS"
"02/11/2017","42","","Rockland County","36-087-0005","AQS"
"02/12/2017","24","","Rockland County","36-087-0005","AQS"
"02/13/2017","28","","Rockland County","36-087-0005","AQS"
"02/14/2017","28","","Rockland County","36-087-0005","AQS"
"02/15/2017","35","","Rockland County","36-087-0005","AQS"
"02/16/2017","28","","Rockland County","36-087-0005","AQS"
"02/17/2017","31","","Rockland County","36-087-0005","AQS"
"02/18/2017","40","","Rockland County","36-087-0005","AQS"
"02/19/2017","36","","Rockland County","36-087-0005","AQS"
"02/20/2017","23","","Rockland County","36-087-0005","AQS"
"02/21/2017","27","","Rockland County","36-087-0005","AQS"
"02/22/2017","47","","Rockland County","36-087-0005","AQS"
"02/23/2017","53","","Rockland County","36-087-0005","AQS"
"02/24/2017","35","","Rockland County","36-087-0005","AQS"
"02/25/2017","18","","Rockland County","36-087-0005","AQS"
"02/26/2017","20","","Rockland County","36-087-0005","AQS"
"02/27/2017","33","","Rockland County","36-087-0005","AQS"
"02/28/2017","33","","Rockland County","36-087-0005","AQS"
"03/01/2017","30","","Rockland County","36-087-0005","AQS"
"03/02/2017","21","","Rockland County","36-087-0005","AQS"
"03/04/2017","15","","Rockland County","36-087-0005","AQS"
"03/05/2017","14","","Rockland County","36-087-0005","AQS"
"03/06/2017","30","","Rockland County","36-087-0005","AQS"
"03/07/2017","46","","Rockland County","36-087-0005","AQS"
"03/08/2017","19","","Rockland County","36-087-0005","AQS"
"03/09/2017","12","","Rockland County","36-087-0005","AQS"
"03/10/2017","11","","Rockland County","36-087-0005","AQS"
"03/11/2017","16","","Rockland County","36-087-0005","AQS"
"03/12/2017","20","","Rockland County","36-087-0005","AQS"
"03/13/2017","21","","Rockland County","36-087-0005","AQS"
"03/14/2017","11","","Rockland County","36-087-0005","AQS"
"03/15/2017","20","","Rockland County","36-087-0005","AQS"
"03/16/2017","22","","Rockland County","36-087-0005","AQS"
"03/17/2017","24","","Rockland County","36-087-0005","AQS"
"03/18/2017","26","","Rockland County","36-087-0005","AQS"
"03/19/2017","13","","Rockland County","36-087-0005","AQS"
"03/20/2017","18","","Rockland County","36-087-0005","AQS"
"03/21/2017","30","","Rockland County","36-087-0005","AQS"
"03/22/2017","20","","Rockland County","36-087-0005","AQS"
"03/23/2017","16","","Rockland County","36-087-0005","AQS"
"03/24/2017","28","","Rockland County","36-087-0005","AQS"
"03/25/2017","44","","Rockland County","36-087-0005","AQS"
"03/26/2017","20","","Rockland County","36-087-0005","AQS"
"03/27/2017","8","","Rockland County","36-087-0005","AQS"
"03/28/2017","11","","Rockland County","36-087-0005","AQS"
"03/29/2017","10","","Rockland County","36-087-0005","AQS"
"03/30/2017","14","","Rockland County","36-087-0005","AQS"
"03/31/2017","4","","Rockland County","36-087-0005","AQS"
"04/01/2017","8","","Rockland County","36-087-0005","AQS"
"04/02/2017","13","","Rockland County","36-087-0005","AQS"
"04/03/2017","13","","Rockland County","36-087-0005","AQS"
"04/05/2017","11","","Rockland County","36-087-0005","AQS"
"04/07/2017","7","","Rockland County","36-087-0005","AQS"
"04/08/2017","9","","Rockland County","36-087-0005","AQS"
"04/09/2017","19","","Rockland County","36-087-0005","AQS"
"04/10/2017","44","","Rockland County","36-087-0005","AQS"
"04/11/2017","51","","Rockland County","36-087-0005","AQS"
"04/12/2017","25","","Rockland County","36-087-0005","AQS"
"04/13/2017","7","","Rockland County","36-087-0005","AQS"
"04/14/2017","11","","Rockland County","36-087-0005","AQS"
"04/15/2017","22","","Rockland County","36-087-0005","AQS"
"04/16/2017","30","","Rockland County","36-087-0005","AQS"
"04/17/2017","10","","Rockland County","36-087-0005","AQS"
"04/18/2017","13","","Rockland County","36-087-0005","AQS"
"04/19/2017","14","","Rockland County","36-087-0005","AQS"
"04/20/2017","18","","Rockland County","36-087-0005","AQS"
"04/21/2017","4","","Rockland County","36-087-0005","AQS"
"04/22/2017","7","","Rockland County","36-087-0005","AQS"
"04/23/2017","10","","Rockland County","36-087-0005","AQS"
"04/24/2017","16","","Rockland County","36-087-0005","AQS"
"04/25/2017","1","","Rockland County","36-087-0005","AQS"
"04/26/2017","5","","Rockland County","36-087-0005","AQS"
"04/27/2017","18","","Rockland County","36-087-0005","AQS"
"04/28/2017","25","","Rockland County","36-087-0005","AQS"
"04/29/2017","28","","Rockland County","36-087-0005","AQS"
"04/30/2017","9","","Rockland County","36-087-0005","AQS"
"05/01/2017","17","","Rockland County","36-087-0005","AQS"
"05/02/2017","10","","Rockland County","36-087-0005","AQS"
"05/03/2017","7","","Rockland County","36-087-0005","AQS"
"05/04/2017","7","","Rockland County","36-087-0005","AQS"
"05/05/2017","0","","Rockland County","36-087-0005","AQS"
"05/06/2017","14","","Rockland County","36-087-0005","AQS"
"05/07/2017","3","","Rockland County","36-087-0005","AQS"
"05/08/2017","7","","Rockland County","36-087-0005","AQS"
"05/09/2017","10","","Rockland County","36-087-0005","AQS"
"05/10/2017","7","","Rockland County","36-087-0005","AQS"
"05/11/2017","8","","Rockland County","36-087-0005","AQS"
"05/12/2017","10","","Rockland County","36-087-0005","AQS"
"05/15/2017","15","","Rockland County","36-087-0005","AQS"
"05/16/2017","8","","Rockland County","36-087-0005","AQS"
"05/17/2017","45","","Rockland County","36-087-0005","AQS"
"05/18/2017","54","","Rockland County","36-087-0005","AQS"
"05/19/2017","35","","Rockland County","36-087-0005","AQS"
"05/20/2017","12","","Rockland County","36-087-0005","AQS"
"05/21/2017","11","","Rockland County","36-087-0005","AQS"
"05/22/2017","4","","Rockland County","36-087-0005","AQS"
"05/23/2017","10","","Rockland County","36-087-0005","AQS"
"05/24/2017","16","","Rockland County","36-087-0005","AQS"
"05/25/2017","0","","Rockland County","36-087-0005","AQS"
"05/26/2017","3","","Rockland County","36-087-0005","AQS"
"05/27/2017","6","","Rockland County","36-087-0005","AQS"
"05/28/2017","18","","Rockland County","36-087-0005","AQS"
"05/29/2017","3","","Rockland County","36-087-0005","AQS"
"05/30/2017","8","","Rockland County","36-087-0005","AQS"
"05/31/2017","6","","Rockland County","36-087-0005","AQS"
"06/01/2017","3","","Rockland County","36-087-0005","AQS"
"06/02/2017","5","","Rockland County","36-087-0005","AQS"
"06/03/2017","3","","Rockland County","36-087-0005","AQS"
"06/04/2017","5","","Rockland County","36-087-0005","AQS"
"06/05/2017","20","","Rockland County","36-087-0005","AQS"
"06/06/2017","0","","Rockland County","36-087-0005","AQS"
"06/07/2017","1","","Rockland County","36-087-0005","AQS"
"06/08/2017","7","","Rockland County","36-087-0005","AQS"
"06/09/2017","13","","Rockland County","36-087-0005","AQS"
"06/10/2017","34","","Rockland County","36-087-0005","AQS"
"06/11/2017","40","","Rockland County","36-087-0005","AQS"
"06/12/2017","50","","Rockland County","36-087-0005","AQS"
"06/13/2017","52","","Rockland County","36-087-0005","AQS"
"06/14/2017","16","","Rockland County","36-087-0005","AQS"
"06/15/2017","13","","Rockland County","36-087-0005","AQS"
"06/16/2017","6","","Rockland County","36-087-0005","AQS"
"06/17/2017","16","","Rockland County","36-087-0005","AQS"
"06/18/2017","34","","Rockland County","36-087-0005","AQS"
"06/19/2017","28","","Rockland County","36-087-0005","AQS"
"06/20/2017","6","","Rockland County","36-087-0005","AQS"
"06/21/2017","15","","Rockland County","36-087-0005","AQS"
"06/22/2017","28","","Rockland County","36-087-0005","AQS"
"06/23/2017","42","","Rockland County","36-087-0005","AQS"
"06/24/2017","9","","Rockland County","36-087-0005","AQS"
"06/25/2017","11","","Rockland County","36-087-0005","AQS"
"06/26/2017","7","","Rockland County","36-087-0005","AQS"
"06/27/2017","10","","Rockland County","36-087-0005","AQS"
"06/28/2017","10","","Rockland County","36-087-0005","AQS"
"06/29/2017","34","","Rockland County","36-087-0005","AQS"
"06/30/2017","41","","Rockland County","36-087-0005","AQS"
"07/01/2017","20","","Rockland County","36-087-0005","AQS"
"07/02/2017","15","","Rockland County","36-087-0005","AQS"
"07/03/2017","23","","Rockland County","36-087-0005","AQS"
"07/04/2017","20","","Rockland County","36-087-0005","AQS"
"07/05/2017","25","","Rockland County","36-087-0005","AQS"
"07/06/2017","10","","Rockland County","36-087-0005","AQS"
"07/07/2017","3","","Rockland County","36-087-0005","AQS"
"07/08/2017","18","","Rockland County","36-087-0005","AQS"
"07/09/2017","13","","Rockland County","36-087-0005","AQS"
"07/10/2017","24","","Rockland County","36-087-0005","AQS"
"07/11/2017","32","","Rockland County","36-087-0005","AQS"
"07/12/2017","39","","Rockland County","36-087-0005","AQS"
"07/13/2017","38","","Rockland County","36-087-0005","AQS"
"07/14/2017","0","","Rockland County","36-087-0005","AQS"
"07/15/2017","5","","Rockland County","36-087-0005","AQS"
"07/16/2017","18","","Rockland County","36-087-0005","AQS"
"07/17/2017","23","","Rockland County","36-087-0005","AQS"
"07/18/2017","22","","Rockland County","36-087-0005","AQS"
"07/19/2017","29","","Rockland County","36-087-0005","AQS"
"07/20/2017","32","","Rockland County","36-087-0005","AQS"
"07/21/2017","21","","Rockland County","36-087-0005","AQS"
"07/22/2017","30","","Rockland County","36-087-0005","AQS"
"07/23/2017","41","","Rockland County","36-087-0005","AQS"
"07/24/2017","0","","Rockland County","36-087-0005","AQS"
"07/25/2017","2","","Rockland County","36-087-0005","AQS"
"07/26/2017","6","","Rockland County","36-087-0005","AQS"
"07/27/2017","23","","Rockland County","36-087-0005","AQS"
"07/28/2017","20","","Rockland County","36-087-0005","AQS"
"07/29/2017","5","","Rockland County","36-087-0005","AQS"
"07/30/2017","9","","Rockland County","36-087-0005","AQS"
"07/31/2017","23","","Rockland County","36-087-0005","AQS"
"08/01/2017","27","","Rockland County","36-087-0005","AQS"
"08/02/2017","30","","Rockland County","36-087-0005","AQS"
"08/03/2017","28","","Rockland County","36-087-0005","AQS"
"08/04/2017","19","","Rockland County","36-087-0005","AQS"
"08/05/2017","6","","Rockland County","36-087-0005","AQS"
"08/06/2017","9","","Rockland County","36-087-0005","AQS"
"08/07/2017","15","","Rockland County","36-087-0005","AQS"
"08/08/2017","13","","Rockland County","36-087-0005","AQS"
"08/09/2017","32","","Rockland County","36-087-0005","AQS"
"08/10/2017","46","","Rockland County","36-087-0005","AQS"
"08/11/2017","28","","Rockland County","36-087-0005","AQS"
"08/12/2017","23","","Rockland County","36-087-0005","AQS"
"08/13/2017","18","","Rockland County","36-087-0005","AQS"
"08/14/2017","23","","Rockland County","36-087-0005","AQS"
"08/15/2017","46","","Rockland County","36-087-0005","AQS"
"08/16/2017","22","","Rockland County","36-087-0005","AQS"
"08/17/2017","22","","Rockland County","36-087-0005","AQS"
"08/18/2017","30","","Rockland County","36-087-0005","AQS"
"08/19/2017","13","","Rockland County","36-087-0005","AQS"
"08/20/2017","23","","Rockland County","36-087-0005","AQS"
"08/21/2017","52","","Rockland County","36-087-0005","AQS"
"08/22/2017","50","","Rockland County","36-087-0005","AQS"
"08/23/2017","7","","Rockland County","36-087-0005","AQS"
"08/24/2017","16","","Rockland County","36-087-0005","AQS"
"08/25/2017","11","","Rockland County","36-087-0005","AQS"
"08/26/2017","19","","Rockland County","36-087-0005","AQS"
"08/27/2017","31","","Rockland County","36-087-0005","AQS"
"08/28/2017","31","","Rockland County","36-087-0005","AQS"
"08/29/2017","15","","Rockland County","36-087-0005","AQS"
"08/30/2017","16","","Rockland County","36-087-0005","AQS"
"08/31/2017","36","","Rockland County","36-087-0005","AQS"
"09/03/2017","0","","Rockland County","36-087-0005","AQS"
"09/04/2017","37","","Rockland County","36-087-0005","AQS"
"09/05/2017","60","","Rockland County","36-087-0005","AQS"
"09/06/2017","42","","Rockland County","36-087-0005","AQS"
"09/07/2017","20","","Rockland County","36-087-0005","AQS"
"09/08/2017","5","","Rockland County","36-087-0005","AQS"
"09/09/2017","1","","Rockland County","36-087-0005","AQS"
"09/10/2017","7","","Rockland County","36-087-0005","AQS"
"09/11/2017","6","","Rockland County","36-087-0005","AQS"
"09/12/2017","10","","Rockland County","36-087-0005","AQS"
"09/13/2017","21","","Rockland County","36-087-0005","AQS"
"09/14/2017","30","","Rockland County","36-087-0005","AQS"
"09/15/2017","18","","Rockland County","36-087-0005","AQS"
"09/16/2017","36","","Rockland County","36-087-0005","AQS"
"09/17/2017","40","","Rockland County","36-087-0005","AQS"
"09/19/2017","27","","Rockland County","36-087-0005","AQS"
"09/20/2017","13","","Rockland County","36-087-0005","AQS"
"09/21/2017","28","","Rockland County","36-087-0005","AQS"
"09/22/2017","14","","Rockland County","36-087-0005","AQS"
"09/23/2017","18","","Rockland County","36-087-0005","AQS"
"09/24/2017","33","","Rockland County","36-087-0005","AQS"
"09/25/2017","41","","Rockland County","36-087-0005","AQS"
"09/26/2017","32","","Rockland County","36-087-0005","AQS"
"09/27/2017","11","","Rockland County","36-087-0005","AQS"
"09/28/2017","4","","Rockland County","36-087-0005","AQS"
"09/29/2017","6","","Rockland County","36-087-0005","AQS"
"09/30/2017","13","","Rockland County","36-087-0005","AQS"
"10/01/2017","8","","Rockland County","36-087-0005","AQS"
"10/03/2017","16","","Rockland County","36-087-0005","AQS"
"10/04/2017","18","","Rockland County","36-087-0005","AQS"
"10/05/2017","31","","Rockland County","36-087-0005","AQS"
"10/06/2017","18","","Rockland County","36-087-0005","AQS"
"10/07/2017","32","","Rockland County","36-087-0005","AQS"
"10/08/2017","11","","Rockland County","36-087-0005","AQS"
"10/09/2017","13","","Rockland County","36-087-0005","AQS"
"10/10/2017","12","","Rockland County","36-087-0005","AQS"
"10/11/2017","29","","Rockland County","36-087-0005","AQS"
"10/12/2017","12","","Rockland County","36-087-0005","AQS"
"10/13/2017","10","","Rockland County","36-087-0005","AQS"
"10/14/2017","8","","Rockland County","36-087-0005","AQS"
"10/15/2017","24","","Rockland County","36-087-0005","AQS"
"10/16/2017","3","","Rockland County","36-087-0005","AQS"
"10/17/2017","11","","Rockland County","36-087-0005","AQS"
"10/18/2017","24","","Rockland County","36-087-0005","AQS"
"10/19/2017","25","","Rockland County","36-087-0005","AQS"
"10/20/2017","16","","Rockland County","36-087-0005","AQS"
"10/21/2017","20","","Rockland County","36-087-0005","AQS"
"10/22/2017","33","","Rockland County","36-087-0005","AQS"
"10/23/2017","18","","Rockland County","36-087-0005","AQS"
"10/24/2017","21","","Rockland County","36-087-0005","AQS"
"10/25/2017","10","","Rockland County","36-087-0005","AQS"
"10/26/2017","13","","Rockland County","36-087-0005","AQS"
"10/27/2017","22","","Rockland County","36-087-0005","AQS"
"10/28/2017","27","","Rockland County","36-087-0005","AQS"
"10/30/2017","18","","Rockland County","36-087-0005","AQS"
"10/31/2017","21","","Rockland County","36-087-0005","AQS"
"11/01/2017","23","","Rockland County","36-087-0005","AQS"
"11/02/2017","24","","Rockland County","36-087-0005","AQS"
"11/03/2017","17","","Rockland County","36-087-0005","AQS"
"11/04/2017","12","","Rockland County","36-087-0005","AQS"
"11/05/2017","13","","Rockland County","36-087-0005","AQS"
"11/06/2017","21","","Rockland County","36-087-0005","AQS"
"11/07/2017","13","","Rockland County","36-087-0005","AQS"
"11/08/2017","20","","Rockland County","36-087-0005","AQS"
"11/09/2017","20","","Rockland County","36-087-0005","AQS"
"11/10/2017","14","","Rockland County","36-087-0005","AQS"
"11/11/2017","13","","Rockland County","36-087-0005","AQS"
"11/12/2017","31","","Rockland County","36-087-0005","AQS"
"11/13/2017","34","","Rockland County","36-087-0005","AQS"
"11/14/2017","33","","Rockland County","36-087-0005","AQS"
"11/15/2017","23","","Rockland County","36-087-0005","AQS"
"11/16/2017","13","","Rockland County","36-087-0005","AQS"
"11/17/2017","11","","Rockland County","36-087-0005","AQS"
"11/18/2017","24","","Rockland County","36-087-0005","AQS"
"11/19/2017","22","","Rockland County","36-087-0005","AQS"
"11/20/2017","23","","Rockland County","36-087-0005","AQS"
"11/21/2017","34","","Rockland County","36-087-0005","AQS"
"11/22/2017","26","","Rockland County","36-087-0005","AQS"
"11/23/2017","17","","Rockland County","36-087-0005","AQS"
"11/24/2017","34","","Rockland County","36-087-0005","AQS"
"11/25/2017","48","","Rockland County","36-087-0005","AQS"
"11/26/2017","17","","Rockland County","36-087-0005","AQS"
"11/27/2017","28","","Rockland County","36-087-0005","AQS"
"11/28/2017","29","","Rockland County","36-087-0005","AQS"
"11/29/2017","23","","Rockland County","36-087-0005","AQS"
"11/30/2017","20","","Rockland County","36-087-0005","AQS"
"12/02/2017","22","","Rockland County","36-087-0005","AQS"
"12/03/2017","49","","Rockland County","36-087-0005","AQS"
"12/04/2017","52","","Rockland County","36-087-0005","AQS"
"12/05/2017","27","","Rockland County","36-087-0005","AQS"
"12/06/2017","18","","Rockland County","36-087-0005","AQS"
"12/07/2017","24","","Rockland County","36-087-0005","AQS"
"12/08/2017","24","","Rockland County","36-087-0005","AQS"
"12/09/2017","28","","Rockland County","36-087-0005","AQS"
"12/10/2017","39","","Rockland County","36-087-0005","AQS"
"12/11/2017","34","","Rockland County","36-087-0005","AQS"
"12/12/2017","30","","Rockland County","36-087-0005","AQS"
"12/13/2017","18","","Rockland County","36-087-0005","AQS"
"12/14/2017","26","","Rockland County","36-087-0005","AQS"
"12/15/2017","25","","Rockland County","36-087-0005","AQS"
"12/16/2017","38","","Rockland County","36-087-0005","AQS"
"12/17/2017","30","","Rockland County","36-087-0005","AQS"
"12/18/2017","50","","Rockland County","36-087-0005","AQS"
"12/20/2017","24","","Rockland County","36-087-0005","AQS"
"12/21/2017","23","","Rockland County","36-087-0005","AQS"
"12/22/2017","34","","Rockland County","36-087-0005","AQS"
"12/23/2017","27","","Rockland County","36-087-0005","AQS"
"12/24/2017","25","","Rockland County","36-087-0005","AQS"
"12/25/2017","29","","Rockland County","36-087-0005","AQS"
"12/26/2017","30","","Rockland County","36-087-0005","AQS"
"12/27/2017","30","","Rockland County","36-087-0005","AQS"
"12/28/2017","23","","Rockland County","36-087-0005","AQS"
"12/29/2017","26","","Rockland County","36-087-0005","AQS"
"12/30/2017","49","","Rockland County","36-087-0005","AQS"
"12/31/2017","28","","Rockland County","36-087-0005","AQS"
"01/01/2018","31","","Rockland County","36-087-0005","AQS"
"01/02/2018","40","","Rockland County","36-087-0005","AQS"
"01/04/2018","33","","Rockland County","36-087-0005","AQS"
"01/05/2018","34","","Rockland County","36-087-0005","AQS"
"01/06/2018","33","","Rockland County","36-087-0005","AQS"
"01/07/2018","36","","Rockland County","36-087-0005","AQS"
"01/08/2018","52","","Rockland County","36-087-0005","AQS"
"01/09/2018","50","","Rockland County","36-087-0005","AQS"
"01/10/2018","42","","Rockland County","36-087-0005","AQS"
"01/11/2018","58","","Rockland County","36-087-0005","AQS"
"01/12/2018","20","","Rockland County","36-087-0005","AQS"
"01/13/2018","30","","Rockland County","36-087-0005","AQS"
"01/14/2018","29","","Rockland County","36-087-0005","AQS"
"01/15/2018","32","","Rockland County","36-087-0005","AQS"
"01/16/2018","52","","Rockland County","36-087-0005","AQS"
"01/17/2018","45","","Rockland County","36-087-0005","AQS"
"01/18/2018","43","","Rockland County","36-087-0005","AQS"
"01/19/2018","54","","Rockland County","36-087-0005","AQS"
"01/20/2018","43","","Rockland County","36-087-0005","AQS"
"01/21/2018","56","","Rockland County","36-087-0005","AQS"
"01/22/2018","62","","Rockland County","36-087-0005","AQS"
"01/23/2018","17","","Rockland County","36-087-0005","AQS"
"01/24/2018","25","","Rockland County","36-087-0005","AQS"
"01/25/2018","24","","Rockland County","36-087-0005","AQS"
"01/26/2018","29","","Rockland County","36-087-0005","AQS"
"01/27/2018","38","","Rockland County","36-087-0005","AQS"
"01/28/2018","32","","Rockland County","36-087-0005","AQS"
"01/29/2018","30","","Rockland County","36-087-0005","AQS"
"01/30/2018","28","","Rockland County","36-087-0005","AQS"
"01/31/2018","24","","Rockland County","36-087-0005","AQS"
"02/02/2018","27","","Rockland County","36-087-0005","AQS"
"02/03/2018","29","","Rockland County","36-087-0005","AQS"
"02/04/2018","23","","Rockland County","36-087-0005","AQS"
"02/05/2018","28","","Rockland County","36-087-0005","AQS"
"02/06/2018","37","","Rockland County","36-087-0005","AQS"
"02/07/2018","29","","Rockland County","36-087-0005","AQS"
"02/08/2018","38","","Rockland County","36-087-0005","AQS"
"02/09/2018","49","","Rockland County","36-087-0005","AQS"
"02/10/2018","48","","Rockland County","36-087-0005","AQS"
"02/11/2018","20","","Rockland County","36-087-0005","AQS"
"02/12/2018","33","","Rockland County","36-087-0005","AQS"
"02/13/2018","28","","Rockland County","36-087-0005","AQS"
"02/14/2018","33","","Rockland County","36-087-0005","AQS"
"02/15/2018","42","","Rockland County","36-087-0005","AQS"
"02/16/2018","27","","Rockland County","36-087-0005","AQS"
"02/17/2018","22","","Rockland County","36-087-0005","AQS"
"02/18/2018","34","","Rockland County","36-087-0005","AQS"
"02/19/2018","35","","Rockland County","36-087-0005","AQS"
"02/20/2018","36","","Rockland County","36-087-0005","AQS"
"02/21/2018","37","","Rockland County","36-087-0005","AQS"
"02/22/2018","14","","Rockland County","36-087-0005","AQS"
"02/23/2018","13","","Rockland County","36-087-0005","AQS"
"02/24/2018","21","","Rockland County","36-087-0005","AQS"
"02/25/2018","13","","Rockland County","36-087-0005","AQS"
"02/26/2018","20","","Rockland County","36-087-0005","AQS"
"02/27/2018","18","","Rockland County","36-087-0005","AQS"
"02/28/2018","25","","Rockland County","36-087-0005","AQS"
"03/01/2018","31","","Rockland County","36-087-0005","AQS"
"03/03/2018","18","","Rockland County","36-087-0005","AQS"
"03/04/2018","8","","Rockland County","36-087-0005","AQS"
"03/05/2018","10","","Rockland County","36-087-0005","AQS"
"03/06/2018","15","","Rockland County","36-087-0005","AQS"
"03/07/2018","4","","Rockland County","36-087-0005","AQS"
"03/09/2018","17","","Rockland County","36-087-0005","AQS"
"03/10/2018","15","","Rockland County","36-087-0005","AQS"
"03/11/2018","16","","Rockland County","36-087-0005","AQS"
"03/13/2018","10","","Rockland County","36-087-0005","AQS"
"03/14/2018","14","","Rockland County","36-087-0005","AQS"
"03/15/2018","23","","Rockland County","36-087-0005","AQS"
"03/16/2018","24","","Rockland County","36-087-0005","AQS"
"03/17/2018","15","","Rockland County","36-087-0005","AQS"
"03/18/2018","13","","Rockland County","36-087-0005","AQS"
"03/19/2018","14","","Rockland County","36-087-0005","AQS"
"03/20/2018","15","","Rockland County","36-087-0005","AQS"
"03/21/2018","16","","Rockland County","36-087-0005","AQS"
"03/22/2018","18","","Rockland County","36-087-0005","AQS"
"03/23/2018","15","","Rockland County","36-087-0005","AQS"
"03/24/2018","13","","Rockland County","36-087-0005","AQS"
"03/25/2018","22","","Rockland County","36-087-0005","AQS"
"03/26/2018","20","","Rockland County","36-087-0005","AQS"
"03/27/2018","22","","Rockland County","36-087-0005","AQS"
"03/28/2018","23","","Rockland County","36-087-0005","AQS"
"03/29/2018","34","","Rockland County","36-087-0005","AQS"
"03/30/2018","17","","Rockland County","36-087-0005","AQS"
"03/31/2018","11","","Rockland County","36-087-0005","AQS"
"04/01/2018","15","","Rockland County","36-087-0005","AQS"
"04/02/2018","18","","Rockland County","36-087-0005","AQS"
"04/03/2018","5","","Rockland County","36-087-0005","AQS"
"04/04/2018","6","","Rockland County","36-087-0005","AQS"
"04/05/2018","11","","Rockland County","36-087-0005","AQS"
"04/06/2018","20","","Rockland County","36-087-0005","AQS"
"04/07/2018","10","","Rockland County","36-087-0005","AQS"
"04/08/2018","13","","Rockland County","36-087-0005","AQS"
"04/09/2018","13","","Rockland County","36-087-0005","AQS"
"04/10/2018","21","","Rockland County","36-087-0005","AQS"
"04/11/2018","26","","Rockland County","36-087-0005","AQS"
"04/12/2018","49","","Rockland County","36-087-0005","AQS"
"04/13/2018","55","","Rockland County","36-087-0005","AQS"
"04/14/2018","52","","Rockland County","36-087-0005","AQS"
"04/15/2018","14","","Rockland County","36-087-0005","AQS"
"04/17/2018","2","","Rockland County","36-087-0005","AQS"
"04/18/2018","6","","Rockland County","36-087-0005","AQS"
"04/19/2018","9","","Rockland County","36-087-0005","AQS"
"04/20/2018","8","","Rockland County","36-087-0005","AQS"
"04/21/2018","9","","Rockland County","36-087-0005","AQS"
"04/22/2018","15","","Rockland County","36-087-0005","AQS"
"04/23/2018","24","","Rockland County","36-087-0005","AQS"
"04/24/2018","20","","Rockland County","36-087-0005","AQS"
"04/25/2018","0","","Rockland County","36-087-0005","AQS"
"04/26/2018","3","","Rockland County","36-087-0005","AQS"
"04/27/2018","8","","Rockland County","36-087-0005","AQS"
"04/28/2018","21","","Rockland County","36-087-0005","AQS"
"04/29/2018","6","","Rockland County","36-087-0005","AQS"
"04/30/2018","8","","Rockland County","36-087-0005","AQS"
"05/01/2018","25","","Rockland County","36-087-0005","AQS"
"05/03/2018","45","","Rockland County","36-087-0005","AQS"
"05/04/2018","31","","Rockland County","36-087-0005","AQS"
"05/05/2018","13","","Rockland County","36-087-0005","AQS"
"05/06/2018","21","","Rockland County","36-087-0005","AQS"
"05/07/2018","20","","Rockland County","36-087-0005","AQS"
"05/08/2018","25","","Rockland County","36-087-0005","AQS"
"05/09/2018","23","","Rockland County","36-087-0005","AQS"
"05/10/2018","16","","Rockland County","36-087-0005","AQS"
"05/11/2018","8","","Rockland County","36-087-0005","AQS"
"05/12/2018","8","","Rockland County","36-087-0005","AQS"
"05/13/2018","2","","Rockland County","36-087-0005","AQS"
"05/14/2018","18","","Rockland County","36-087-0005","AQS"
"05/15/2018","33","","Rockland County","36-087-0005","AQS"
"05/16/2018","13","","Rockland County","36-087-0005","AQS"
"05/17/2018","8","","Rockland County","36-087-0005","AQS"
"05/18/2018","18","","Rockland County","36-087-0005","AQS"
"05/19/2018","0","","Rockland County","36-087-0005","AQS"
"05/20/2018","6","","Rockland County","36-087-0005","AQS"
"05/21/2018","18","","Rockland County","36-087-0005","AQS"
"05/22/2018","24","","Rockland County","36-087-0005","AQS"
"05/23/2018","15","","Rockland County","36-087-0005","AQS"
"05/24/2018","25","","Rockland County","36-087-0005","AQS"
"05/25/2018","46","","Rockland County","36-087-0005","AQS"
"05/26/2018","42","","Rockland County","36-087-0005","AQS"
"05/27/2018","25","","Rockland County","36-087-0005","AQS"
"05/28/2018","11","","Rockland County","36-087-0005","AQS"
"05/29/2018","46","","Rockland County","36-087-0005","AQS"
"05/30/2018","33","","Rockland County","36-087-0005","AQS"
"05/31/2018","16","","Rockland County","36-087-0005","AQS"
"06/02/2018","15","","Rockland County","36-087-0005","AQS"
"06/03/2018","1","","Rockland County","36-087-0005","AQS"
"06/04/2018","0","","Rockland County","36-087-0005","AQS"
"06/05/2018","7","","Rockland County","36-087-0005","AQS"
"06/06/2018","9","","Rockland County","36-087-0005","AQS"
"06/07/2018","13","","Rockland County","36-087-0005","AQS"
"06/08/2018","22","","Rockland County","36-087-0005","AQS"
"06/09/2018","10","","Rockland County","36-087-0005","AQS"
"06/10/2018","13","","Rockland County","36-087-0005","AQS"
"06/11/2018","20","","Rockland County","36-087-0005","AQS"
"06/12/2018","14","","Rockland County","36-087-0005","AQS"
"06/13/2018","21","","Rockland County","36-087-0005","AQS"
"06/14/2018","5","","Rockland County","36-087-0005","AQS"
"06/15/2018","3","","Rockland County","36-087-0005","AQS"
"06/16/2018","10","","Rockland County","36-087-0005","AQS"
"06/17/2018","32","","Rockland County","36-087-0005","AQS"
"06/18/2018","57","","Rockland County","36-087-0005","AQS"
"06/19/2018","5","","Rockland County","36-087-0005","AQS"
"06/20/2018","20","","Rockland County","36-087-0005","AQS"
"06/21/2018","19","","Rockland County","36-087-0005","AQS"
"06/22/2018","25","","Rockland County","36-087-0005","AQS"
"06/23/2018","10","","Rockland County","36-087-0005","AQS"
"06/24/2018","32","","Rockland County","36-087-0005","AQS"
"06/25/2018","8","","Rockland County","36-087-0005","AQS"
"06/26/2018","18","","Rockland County","36-087-0005","AQS"
"06/27/2018","19","","Rockland County","36-087-0005","AQS"
"06/28/2018","9","","Rockland County","36-087-0005","AQS"
"06/29/2018","18","","Rockland County","36-087-0005","AQS"
"06/30/2018","29","","Rockland County","36-087-0005","AQS"
"07/01/2018","60","","Rockland County","36-087-0005","AQS"
"07/02/2018","66","","Rockland County","36-087-0005","AQS"
"07/03/2018","56","","Rockland County","36-087-0005","AQS"
"07/04/2018","56","","Rockland County","36-087-0005","AQS"
"07/05/2018","29","","Rockland County","36-087-0005","AQS"
"07/06/2018","8","","Rockland County","36-087-0005","AQS"
"07/07/2018","2","","Rockland County","36-087-0005","AQS"
"07/08/2018","17","","Rockland County","36-087-0005","AQS"
"07/09/2018","23","","Rockland County","36-087-0005","AQS"
"07/10/2018","40","","Rockland County","36-087-0005","AQS"
"07/11/2018","32","","Rockland County","36-087-0005","AQS"
"07/12/2018","14","","Rockland County","36-087-0005","AQS"
"07/13/2018","37","","Rockland County","36-087-0005","AQS"
"07/14/2018","31","","Rockland County","36-087-0005","AQS"
"07/15/2018","17","","Rockland County","36-087-0005","AQS"
"07/16/2018","45","","Rockland County","36-087-0005","AQS"
"07/17/2018","36","","Rockland County","36-087-0005","AQS"
"07/18/2018","8","","Rockland County","36-087-0005","AQS"
"07/19/2018","12","","Rockland County","36-087-0005","AQS"
"07/20/2018","24","","Rockland County","36-087-0005","AQS"
"07/21/2018","8","","Rockland County","36-087-0005","AQS"
"07/22/2018","13","","Rockland County","36-087-0005","AQS"
"07/23/2018","10","","Rockland County","36-087-0005","AQS"
"07/24/2018","9","","Rockland County","36-087-0005","AQS"
"07/25/2018","5","","Rockland County","36-087-0005","AQS"
"07/26/2018","18","","Rockland County","36-087-0005","AQS"
"07/27/2018","42","","Rockland County","36-087-0005","AQS"
"07/28/2018","30","","Rockland County","36-087-0005","AQS"
"07/30/2018","20","","Rockland County","36-087-0005","AQS"
"07/31/2018","25","","Rockland County","36-087-0005","AQS"
"08/01/2018","22","","Rockland County","36-087-0005","AQS"
"08/02/2018","5","","Rockland County","36-087-0005","AQS"
"08/03/2018","9","","Rockland County","36-087-0005","AQS"
"08/04/2018","3","","Rockland County","36-087-0005","AQS"
"08/05/2018","35","","Rockland County","36-087-0005","AQS"
"08/06/2018","52","","Rockland County","36-087-0005","AQS"
"08/07/2018","51","","Rockland County","36-087-0005","AQS"
"08/08/2018","29","","Rockland County","36-087-0005","AQS"
"08/09/2018","28","","Rockland County","36-087-0005","AQS"
"08/10/2018","46","","Rockland County","36-087-0005","AQS"
"08/11/2018","26","","Rockland County","36-087-0005","AQS"
"08/12/2018","16","","Rockland County","36-087-0005","AQS"
"08/13/2018","4","","Rockland County","36-087-0005","AQS"
"08/14/2018","5","","Rockland County","36-087-0005","AQS"
"08/15/2018","56","","Rockland County","36-087-0005","AQS"
"08/16/2018","65","","Rockland County","36-087-0005","AQS"
"08/17/2018","61","","Rockland County","36-087-0005","AQS"
"08/18/2018","15","","Rockland County","36-087-0005","AQS"
"08/19/2018","9","","Rockland County","36-087-0005","AQS"
"08/20/2018","8","","Rockland County","36-087-0005","AQS"
"08/21/2018","7","","Rockland County","36-087-0005","AQS"
"08/22/2018","17","","Rockland County","36-087-0005","AQS"
"08/23/2018","20","","Rockland County","36-087-0005","AQS"
"08/24/2018","44","","Rockland County","36-087-0005","AQS"
"08/25/2018","39","","Rockland County","36-087-0005","AQS"
"08/26/2018","30","","Rockland County","36-087-0005","AQS"
"08/27/2018","61","","Rockland County","36-087-0005","AQS"
"08/28/2018","81","","Rockland County","36-087-0005","AQS"
"08/29/2018","64","","Rockland County","36-087-0005","AQS"
"08/30/2018","18","","Rockland County","36-087-0005","AQS"
"08/31/2018","8","","Rockland County","36-087-0005","AQS"
"09/01/2018","17","","Rockland County","36-087-0005","AQS"
"09/02/2018","23","","Rockland County","36-087-0005","AQS"
"09/03/2018","31","","Rockland County","36-087-0005","AQS"
"09/04/2018","15","","Rockland County","36-087-0005","AQS"
"09/05/2018","33","","Rockland County","36-087-0005","AQS"
"09/06/2018","35","","Rockland County","36-087-0005","AQS"
"09/07/2018","9","","Rockland County","36-087-0005","AQS"
"09/08/2018","8","","Rockland County","36-087-0005","AQS"
"09/09/2018","5","","Rockland County","36-087-0005","AQS"
"09/10/2018","0","","Rockland County","36-087-0005","AQS"
"09/11/2018","6","","Rockland County","36-087-0005","AQS"
"09/12/2018","5","","Rockland County","36-087-0005","AQS"
"09/13/2018","3","","Rockland County","36-087-0005","AQS"
"09/14/2018","3","","Rockland County","36-087-0005","AQS"
"09/15/2018","17","","Rockland County","36-087-0005","AQS"
"09/16/2018","28","","Rockland County","36-087-0005","AQS"
"09/17/2018","20","","Rockland County","36-087-0005","AQS"
"09/18/2018","8","","Rockland County","36-087-0005","AQS"
"09/19/2018","28","","Rockland County","36-087-0005","AQS"
"09/20/2018","8","","Rockland County","36-087-0005","AQS"
"09/21/2018","9","","Rockland County","36-087-0005","AQS"
"09/22/2018","8","","Rockland County","36-087-0005","AQS"
"09/23/2018","8","","Rockland County","36-087-0005","AQS"
"09/24/2018","14","","Rockland County","36-087-0005","AQS"
"09/25/2018","1","","Rockland County","36-087-0005","AQS"
"09/26/2018","16","","Rockland County","36-087-0005","AQS"
"09/27/2018","5","","Rockland County","36-087-0005","AQS"
"09/28/2018","3","","Rockland County","36-087-0005","AQS"
"09/29/2018","11","","Rockland County","36-087-0005","AQS"
"09/30/2018","16","","Rockland County","36-087-0005","AQS"
"10/01/2018","30","","Rockland County","36-087-0005","AQS"
"10/02/2018","21","","Rockland County","36-087-0005","AQS"
"10/03/2018","5","","Rockland County","36-087-0005","AQS"
"10/04/2018","24","","Rockland County","36-087-0005","AQS"
"10/05/2018","8","","Rockland County","36-087-0005","AQS"
"10/06/2018","12","","Rockland County","36-087-0005","AQS"
"10/07/2018","21","","Rockland County","36-087-0005","AQS"
"10/08/2018","8","","Rockland County","36-087-0005","AQS"
"10/09/2018","16","","Rockland County","36-087-0005","AQS"
"10/10/2018","17","","Rockland County","36-087-0005","AQS"
"10/11/2018","5","","Rockland County","36-087-0005","AQS"
"10/12/2018","7","","Rockland County","36-087-0005","AQS"
"10/13/2018","10","","Rockland County","36-087-0005","AQS"
"10/14/2018","16","","Rockland County","36-087-0005","AQS"
"10/15/2018","24","","Rockland County","36-087-0005","AQS"
"10/16/2018","7","","Rockland County","36-087-0005","AQS"
"10/17/2018","14","","Rockland County","36-087-0005","AQS"
"10/18/2018","6","","Rockland County","36-087-0005","AQS"
"10/19/2018","13","","Rockland County","36-087-0005","AQS"
"10/20/2018","16","","Rockland County","36-087-0005","AQS"
"10/21/2018","10","","Rockland County","36-087-0005","AQS"
"10/22/2018","17","","Rockland County","36-087-0005","AQS"
"10/23/2018","21","","Rockland County","36-087-0005","AQS"
"10/24/2018","13","","Rockland County","36-087-0005","AQS"
"10/25/2018","8","","Rockland County","36-087-0005","AQS"
"10/26/2018","14","","Rockland County","36-087-0005","AQS"
"10/27/2018","3","","Rockland County","36-087-0005","AQS"
"10/28/2018","10","","Rockland County","36-087-0005","AQS"
"10/29/2018","15","","Rockland County","36-087-0005","AQS"
"10/30/2018","12","","Rockland County","36-087-0005","AQS"
"10/31/2018","29","","Rockland County","36-087-0005","AQS"
"11/01/2018","46","","Rockland County","36-087-0005","AQS"
"11/02/2018","19","","Rockland County","36-087-0005","AQS"
"11/03/2018","13","","Rockland County","36-087-0005","AQS"
"11/04/2018","15","","Rockland County","36-087-0005","AQS"
"11/05/2018","13","","Rockland County","36-087-0005","AQS"
"11/06/2018","6","","Rockland County","36-087-0005","AQS"
"11/07/2018","15","","Rockland County","36-087-0005","AQS"
"11/08/2018","21","","Rockland County","36-087-0005","AQS"
"11/09/2018","8","","Rockland County","36-087-0005","AQS"
"11/10/2018","15","","Rockland County","36-087-0005","AQS"
"11/11/2018","17","","Rockland County","36-087-0005","AQS"
"11/12/2018","34","","Rockland County","36-087-0005","AQS"
"11/13/2018","18","","Rockland County","36-087-0005","AQS"
"11/14/2018","15","","Rockland County","36-087-0005","AQS"
"11/15/2018","5","","Rockland County","36-087-0005","AQS"
"11/16/2018","15","","Rockland County","36-087-0005","AQS"
"11/17/2018","28","","Rockland County","36-087-0005","AQS"
"11/18/2018","16","","Rockland County","36-087-0005","AQS"
"11/19/2018","39","","Rockland County","36-087-0005","AQS"
"11/20/2018","23","","Rockland County","36-087-0005","AQS"
"11/21/2018","20","","Rockland County","36-087-0005","AQS"
"11/22/2018","16","","Rockland County","36-087-0005","AQS"
"11/23/2018","15","","Rockland County","36-087-0005","AQS"
"11/24/2018","28","","Rockland County","36-087-0005","AQS"
"11/25/2018","25","","Rockland County","36-087-0005","AQS"
"11/26/2018","20","","Rockland County","36-087-0005","AQS"
"11/27/2018","8","","Rockland County","36-087-0005","AQS"
"11/28/2018","14","","Rockland County","36-087-0005","AQS"
"11/29/2018","18","","Rockland County","36-087-0005","AQS"
"11/30/2018","27","","Rockland County","36-087-0005","AQS"
"12/01/2018","31","","Rockland County","36-087-0005","AQS"
"12/02/2018","10","","Rockland County","36-087-0005","AQS"
"12/05/2018","13","","Rockland County","36-087-0005","AQS"
"12/06/2018","25","","Rockland County","36-087-0005","AQS"
"12/07/2018","23","","Rockland County","36-087-0005","AQS"
"12/08/2018","29","","Rockland County","36-087-0005","AQS"
"12/09/2018","23","","Rockland County","36-087-0005","AQS"
"12/10/2018","32","","Rockland County","36-087-0005","AQS"
"12/11/2018","34","","Rockland County","36-087-0005","AQS"
"12/12/2018","45","","Rockland County","36-087-0005","AQS"
"12/13/2018","38","","Rockland County","36-087-0005","AQS"
"12/14/2018","34","","Rockland County","36-087-0005","AQS"
"12/15/2018","31","","Rockland County","36-087-0005","AQS"
"12/16/2018","18","","Rockland County","36-087-0005","AQS"
"12/17/2018","18","","Rockland County","36-087-0005","AQS"
"12/18/2018","21","","Rockland County","36-087-0005","AQS"
"12/19/2018","33","","Rockland County","36-087-0005","AQS"
"12/20/2018","46","","Rockland County","36-087-0005","AQS"
"12/21/2018","16","","Rockland County","36-087-0005","AQS"
"12/22/2018","31","","Rockland County","36-087-0005","AQS"
"12/23/2018","29","","Rockland County","36-087-0005","AQS"
"12/24/2018","33","","Rockland County","36-087-0005","AQS"
"12/25/2018","25","","Rockland County","36-087-0005","AQS"
"12/26/2018","34","","Rockland County","36-087-0005","AQS"
"12/27/2018","33","","Rockland County","36-087-0005","AQS"
"12/28/2018","18","","Rockland County","36-087-0005","AQS"
"12/29/2018","23","","Rockland County","36-087-0005","AQS"
"12/30/2018","33","","Rockland County","36-087-0005","AQS"
"12/31/2018","40","","Rockland County","36-087-0005","AQS"
"01/01/2019","34","","Rockland County","36-087-0005","AQS"
"01/02/2019","31","","Rockland County","36-087-0005","AQS"
"01/03/2019","33","","Rockland County","36-087-0005","AQS"
"01/04/2019","48","","Rockland County","36-087-0005","AQS"
"01/05/2019","37","","Rockland County","36-087-0005","AQS"
"01/06/2019","41","","Rockland County","36-087-0005","AQS"
"01/07/2019","25","","Rockland County","36-087-0005","AQS"
"01/08/2019","31","","Rockland County","36-087-0005","AQS"
"01/09/2019","25","","Rockland County","36-087-0005","AQS"
"01/10/2019","28","","Rockland County","36-087-0005","AQS"
"01/11/2019","30","","Rockland County","36-087-0005","AQS"
"01/12/2019","29","","Rockland County","36-087-0005","AQS"
"01/13/2019","27","","Rockland County","36-087-0005","AQS"
"01/14/2019","31","","Rockland County","36-087-0005","AQS"
"01/15/2019","46","","Rockland County","36-087-0005","AQS"
"01/16/2019","47","","Rockland County","36-087-0005","AQS"
"01/17/2019","30","","Rockland County","36-087-0005","AQS"
"01/18/2019","40","","Rockland County","36-087-0005","AQS"
"01/19/2019","31","","Rockland County","36-087-0005","AQS"
"01/20/2019","23","","Rockland County","36-087-0005","AQS"
"01/21/2019","32","","Rockland County","36-087-0005","AQS"
"01/22/2019","30","","Rockland County","36-087-0005","AQS"
"01/23/2019","34","","Rockland County","36-087-0005","AQS"
"01/24/2019","17","","Rockland County","36-087-0005","AQS"
"01/25/2019","33","","Rockland County","36-087-0005","AQS"
"01/26/2019","35","","Rockland County","36-087-0005","AQS"
"01/27/2019","40","","Rockland County","36-087-0005","AQS"
"01/28/2019","33","","Rockland County","36-087-0005","AQS"
"01/29/2019","36","","Rockland County","36-087-0005","AQS"
"01/30/2019","36","","Rockland County","36-087-0005","AQS"
"01/31/2019","31","","Rockland County","36-087-0005","AQS"
"02/01/2019","31","","Rockland County","36-087-0005","AQS"
"02/02/2019","48","","Rockland County","36-087-0005","AQS"
"02/03/2019","60","","Rockland County","36-087-0005","AQS"
"02/04/2019","59","","Rockland County","36-087-0005","AQS"
"02/05/2019","51","","Rockland County","36-087-0005","AQS"
"02/06/2019","18","","Rockland County","36-087-0005","AQS"
"02/07/2019","13","","Rockland County","36-087-0005","AQS"
"02/08/2019","19","","Rockland County","36-087-0005","AQS"
"02/09/2019","23","","Rockland County","36-087-0005","AQS"
"02/10/2019","19","","Rockland County","36-087-0005","AQS"
"02/11/2019","28","","Rockland County","36-087-0005","AQS"
"02/12/2019","12","","Rockland County","36-087-0005","AQS"
"02/13/2019","21","","Rockland County","36-087-0005","AQS"
"02/14/2019","29","","Rockland County","36-087-0005","AQS"
"02/15/2019","39","","Rockland County","36-087-0005","AQS"
"02/16/2019","26","","Rockland County","36-087-0005","AQS"
"02/17/2019","24","","Rockland County","36-087-0005","AQS"
"02/20/2019","20","","Rockland County","36-087-0005","AQS"
"02/21/2019","18","","Rockland County","36-087-0005","AQS"
"02/22/2019","37","","Rockland County","36-087-0005","AQS"
"02/23/2019","27","","Rockland County","36-087-0005","AQS"
"02/24/2019","8","","Rockland County","36-087-0005","AQS"
"02/25/2019","27","","Rockland County","36-087-0005","AQS"
"02/26/2019","20","","Rockland County","36-087-0005","AQS"
"02/27/2019","13","","Rockland County","36-087-0005","AQS"
"02/28/2019","25","","Rockland County","36-087-0005","AQS"
"03/01/2019","25","","Rockland County","36-087-0005","AQS"
"03/02/2019","27","","Rockland County","36-087-0005","AQS"
"03/03/2019","30","","Rockland County","36-087-0005","AQS"
"03/04/2019","24","","Rockland County","36-087-0005","AQS"
"03/06/2019","24","","Rockland County","36-087-0005","AQS"
"03/07/2019","26","","Rockland County","36-087-0005","AQS"
"03/08/2019","30","","Rockland County","36-087-0005","AQS"
"03/09/2019","47","","Rockland County","36-087-0005","AQS"
"03/10/2019","13","","Rockland County","36-087-0005","AQS"
"03/11/2019","25","","Rockland County","36-087-0005","AQS"
"03/12/2019","24","","Rockland County","36-087-0005","AQS"
"03/13/2019","28","","Rockland County","36-087-0005","AQS"
"03/14/2019","28","","Rockland County","36-087-0005","AQS"
"03/15/2019","35","","Rockland County","36-087-0005","AQS"
"03/16/2019","9","","Rockland County","36-087-0005","AQS"
"03/17/2019","8","","Rockland County","36-087-0005","AQS"
"03/18/2019","15","","Rockland County","36-087-0005","AQS"
"03/19/2019","22","","Rockland County","36-087-0005","AQS"
"03/20/2019","28","","Rockland County","36-087-0005","AQS"
"03/21/2019","13","","Rockland County","36-087-0005","AQS"
"03/22/2019","5","","Rockland County","36-087-0005","AQS"
"03/23/2019","15","","Rockland County","36-087-0005","AQS"
"03/24/2019","13","","Rockland County","36-087-0005","AQS"
"03/25/2019","23","","Rockland County","36-087-0005","AQS"
"03/26/2019","10","","Rockland County","36-087-0005","AQS"
"03/27/2019","17","","Rockland County","36-087-0005","AQS"
"03/28/2019","22","","Rockland County","36-087-0005","AQS"
"03/29/2019","34","","Rockland County","36-087-0005","AQS"
"03/30/2019","49","","Rockland County","36-087-0005","AQS"
"03/31/2019","51","","Rockland County","36-087-0005","AQS"
"04/02/2019","10","","Rockland County","36-087-0005","AQS"
"04/03/2019","19","","Rockland County","36-087-0005","AQS"
"04/04/2019","13","","Rockland County","36-087-0005","AQS"
"04/05/2019","13","","Rockland County","36-087-0005","AQS"
"04/06/2019","18","","Rockland County","36-087-0005","AQS"
"04/07/2019","29","","Rockland County","36-087-0005","AQS"
"04/08/2019","26","","Rockland County","36-087-0005","AQS"
"04/09/2019","15","","Rockland County","36-087-0005","AQS"
"04/10/2019","7","","Rockland County","36-087-0005","AQS"
"04/11/2019","14","","Rockland County","36-087-0005","AQS"
"04/12/2019","20","","Rockland County","36-087-0005","AQS"
"04/13/2019","15","","Rockland County","36-087-0005","AQS"
"04/14/2019","22","","Rockland County","36-087-0005","AQS"
"04/15/2019","7","","Rockland County","36-087-0005","AQS"
"04/16/2019","8","","Rockland County","36-087-0005","AQS"
"04/17/2019","10","","Rockland County","36-087-0005","AQS"
"04/18/2019","15","","Rockland County","36-087-0005","AQS"
"04/19/2019","29","","Rockland County","36-087-0005","AQS"
"04/20/2019","18","","Rockland County","36-087-0005","AQS"
"04/21/2019","16","","Rockland County","36-087-0005","AQS"
"04/22/2019","12","","Rockland County","36-087-0005","AQS"
"04/23/2019","17","","Rockland County","36-087-0005","AQS"
"04/24/2019","8","","Rockland County","36-087-0005","AQS"
"04/25/2019","18","","Rockland County","36-087-0005","AQS"
"04/26/2019","7","","Rockland County","36-087-0005","AQS"
"04/27/2019","10","","Rockland County","36-087-0005","AQS"
"04/28/2019","15","","Rockland County","36-087-0005","AQS"
"04/29/2019","11","","Rockland County","36-087-0005","AQS"
"04/30/2019","15","","Rockland County","36-087-0005","AQS"
"05/02/2019","15","","Rockland County","36-087-0005","AQS"
"05/03/2019","11","","Rockland County","36-087-0005","AQS"
"05/04/2019","15","","Rockland County","36-087-0005","AQS"
"05/05/2019","1","","Rockland County","36-087-0005","AQS"
"05/06/2019","12","","Rockland County","36-087-0005","AQS"
"05/07/2019","17","","Rockland County","36-087-0005","AQS"
"05/08/2019","9","","Rockland County","36-087-0005","AQS"
"05/09/2019","10","","Rockland County","36-087-0005","AQS"
"05/10/2019","18","","Rockland County","36-087-0005","AQS"
"05/11/2019","3","","Rockland County","36-087-0005","AQS"
"05/12/2019","0","","Rockland County","36-087-0005","AQS"
"05/13/2019","1","","Rockland County","36-087-0005","AQS"
"05/14/2019","1","","Rockland County","36-087-0005","AQS"
"05/15/2019","7","","Rockland County","36-087-0005","AQS"
"05/16/2019","13","","Rockland County","36-087-0005","AQS"
"05/17/2019","34","","Rockland County","36-087-0005","AQS"
"05/18/2019","16","","Rockland County","36-087-0005","AQS"
"05/19/2019","39","","Rockland County","36-087-0005","AQS"
"05/20/2019","20","","Rockland County","36-087-0005","AQS"
"05/21/2019","0","","Rockland County","36-087-0005","AQS"
"05/22/2019","8","","Rockland County","36-087-0005","AQS"
"05/23/2019","23","","Rockland County","36-087-0005","AQS"
"05/24/2019","8","","Rockland County","36-087-0005","AQS"
"05/25/2019","9","","Rockland County","36-087-0005","AQS"
"05/26/2019","15","","Rockland County","36-087-0005","AQS"
"05/27/2019","8","","Rockland County","36-087-0005","AQS"
"05/28/2019","20","","Rockland County","36-087-0005","AQS"
"05/29/2019","8","","Rockland County","36-087-0005","AQS"
"05/30/2019","15","","Rockland County","36-087-0005","AQS"
"05/31/2019","28","","Rockland County","36-087-0005","AQS"
"06/01/2019","43","","Rockland County","36-087-0005","AQS"
"06/02/2019","39","","Rockland County","36-087-0005","AQS"
"06/05/2019","42","","Rockland County","36-087-0005","AQS"
"06/06/2019","19","","Rockland County","36-087-0005","AQS"
"06/07/2019","19","","Rockland County","36-087-0005","AQS"
"06/08/2019","16","","Rockland County","36-087-0005","AQS"
"06/09/2019","7","","Rockland County","36-087-0005","AQS"
"06/10/2019","0","","Rockland County","36-087-0005","AQS"
"06/11/2019","0","","Rockland County","36-087-0005","AQS"
"06/12/2019","6","","Rockland County","36-087-0005","AQS"
"06/13/2019","0","","Rockland County","36-087-0005","AQS"
"06/14/2019","5","","Rockland County","36-087-0005","AQS"
"06/15/2019","12","","Rockland County","36-087-0005","AQS"
"06/16/2019","40","","Rockland County","36-087-0005","AQS"
"06/17/2019","13","","Rockland County","36-087-0005","AQS"
"06/18/2019","14","","Rockland County","36-087-0005","AQS"
"06/19/2019","3","","Rockland County","36-087-0005","AQS"
"06/20/2019","12","","Rockland County","36-087-0005","AQS"
"06/21/2019","2","","Rockland County","36-087-0005","AQS"
"06/22/2019","2","","Rockland County","36-087-0005","AQS"
"06/23/2019","7","","Rockland County","36-087-0005","AQS"
"06/24/2019","20","","Rockland County","36-087-0005","AQS"
"06/25/2019","38","","Rockland County","36-087-0005","AQS"
"06/26/2019","20","","Rockland County","36-087-0005","AQS"
"06/28/2019","18","","Rockland County","36-087-0005","AQS"
"06/29/2019","24","","Rockland County","36-087-0005","AQS"
"06/30/2019","7","","Rockland County","36-087-0005","AQS"
"07/01/2019","3","","Rockland County","36-087-0005","AQS"
"07/02/2019","14","","Rockland County","36-087-0005","AQS"
"07/03/2019","37","","Rockland County","36-087-0005","AQS"
"07/04/2019","57","","Rockland County","36-087-0005","AQS"
"07/05/2019","62","","Rockland County","36-087-0005","AQS"
"07/06/2019","19","","Rockland County","36-087-0005","AQS"
"07/07/2019","38","","Rockland County","36-087-0005","AQS"
"07/08/2019","36","","Rockland County","36-087-0005","AQS"
"07/09/2019","20","","Rockland County","36-087-0005","AQS"
"07/10/2019","49","","Rockland County","36-087-0005","AQS"
"07/11/2019","52","","Rockland County","36-087-0005","AQS"
"07/12/2019","10","","Rockland County","36-087-0005","AQS"
"07/13/2019","20","","Rockland County","36-087-0005","AQS"
"07/14/2019","19","","Rockland County","36-087-0005","AQS"
"07/15/2019","6","","Rockland County","36-087-0005","AQS"
"07/16/2019","28","","Rockland County","36-087-0005","AQS"
"07/17/2019","30","","Rockland County","36-087-0005","AQS"
"07/18/2019","7","","Rockland County","36-087-0005","AQS"
"07/19/2019","31","","Rockland County","36-087-0005","AQS"
"07/20/2019","23","","Rockland County","36-087-0005","AQS"
"07/21/2019","23","","Rockland County","36-087-0005","AQS"
"07/22/2019","12","","Rockland County","36-087-0005","AQS"
"07/23/2019","0","","Rockland County","36-087-0005","AQS"
"07/24/2019","10","","Rockland County","36-087-0005","AQS"
"07/25/2019","16","","Rockland County","36-087-0005","AQS"
"07/26/2019","27","","Rockland County","36-087-0005","AQS"
"07/27/2019","48","","Rockland County","36-087-0005","AQS"
"07/28/2019","38","","Rockland County","36-087-0005","AQS"
"07/29/2019","46","","Rockland County","36-087-0005","AQS"
"07/30/2019","60","","Rockland County","36-087-0005","AQS"
"07/31/2019","30","","Rockland County","36-087-0005","AQS"
"08/01/2019","22","","Rockland County","36-087-0005","AQS"
"08/02/2019","29","","Rockland County","36-087-0005","AQS"
"08/03/2019","27","","Rockland County","36-087-0005","AQS"
"08/04/2019","15","","Rockland County","36-087-0005","AQS"
"08/05/2019","16","","Rockland County","36-087-0005","AQS"
"08/07/2019","20","","Rockland County","36-087-0005","AQS"
"08/08/2019","7","","Rockland County","36-087-0005","AQS"
"08/09/2019","7","","Rockland County","36-087-0005","AQS"
"08/10/2019","2","","Rockland County","36-087-0005","AQS"
"08/11/2019","3","","Rockland County","36-087-0005","AQS"
"08/12/2019","14","","Rockland County","36-087-0005","AQS"
"08/13/2019","37","","Rockland County","36-087-0005","AQS"
"08/14/2019","35","","Rockland County","36-087-0005","AQS"
"08/15/2019","30","","Rockland County","36-087-0005","AQS"
"08/16/2019","24","","Rockland County","36-087-0005","AQS"
"08/17/2019","22","","Rockland County","36-087-0005","AQS"
"08/18/2019","22","","Rockland County","36-087-0005","AQS"
"08/19/2019","16","","Rockland County","36-087-0005","AQS"
"08/20/2019","26","","Rockland County","36-087-0005","AQS"
"08/21/2019","30","","Rockland County","36-087-0005","AQS"
"08/22/2019","18","","Rockland County","36-087-0005","AQS"
"08/23/2019","16","","Rockland County","36-087-0005","AQS"
"08/24/2019","1","","Rockland County","36-087-0005","AQS"
"08/25/2019","2","","Rockland County","36-087-0005","AQS"
"08/26/2019","6","","Rockland County","36-087-0005","AQS"
"08/27/2019","18","","Rockland County","36-087-0005","AQS"
"08/28/2019","7","","Rockland County","36-087-0005","AQS"
"08/29/2019","7","","Rockland County","36-087-0005","AQS"
"08/30/2019","38","","Rockland County","36-087-0005","AQS"
"08/31/2019","10","","Rockland County","36-087-0005","AQS"
"09/01/2019","8","","Rockland County","36-087-0005","AQS"
"09/02/2019","14","","Rockland County","36-087-0005","AQS"
"09/03/2019","22","","Rockland County","36-087-0005","AQS"
"09/04/2019","28","","Rockland County","36-087-0005","AQS"
"09/06/2019","6","","Rockland County","36-087-0005","AQS"
"09/07/2019","6","","Rockland County","36-087-0005","AQS"
"09/08/2019","23","","Rockland County","36-087-0005","AQS"
"09/10/2019","16","","Rockland County","36-087-0005","AQS"
"09/11/2019","28","","Rockland County","36-087-0005","AQS"
"09/12/2019","20","","Rockland County","36-087-0005","AQS"
"09/13/2019","4","","Rockland County","36-087-0005","AQS"
"09/14/2019","13","","Rockland County","36-087-0005","AQS"
"09/15/2019","6","","Rockland County","36-087-0005","AQS"
"09/16/2019","16","","Rockland County","36-087-0005","AQS"
"09/17/2019","2","","Rockland County","36-087-0005","AQS"
"09/18/2019","7","","Rockland County","36-087-0005","AQS"
"09/19/2019","5","","Rockland County","36-087-0005","AQS"
"09/20/2019","16","","Rockland County","36-087-0005","AQS"
"09/21/2019","24","","Rockland County","36-087-0005","AQS"
"09/22/2019","48","","Rockland County","36-087-0005","AQS"
"09/23/2019","38","","Rockland County","36-087-0005","AQS"
"09/24/2019","1","","Rockland County","36-087-0005","AQS"
"09/25/2019","11","","Rockland County","36-087-0005","AQS"
"09/26/2019","24","","Rockland County","36-087-0005","AQS"
"09/27/2019","16","","Rockland County","36-087-0005","AQS"
"09/28/2019","32","","Rockland County","36-087-0005","AQS"
"09/29/2019","6","","Rockland County","36-087-0005","AQS"
"09/30/2019","10","","Rockland County","36-087-0005","AQS"
"10/01/2019","25","","Rockland County","36-087-0005","AQS"
"10/02/2019","31","","Rockland County","36-087-0005","AQS"
"10/03/2019","0","","Rockland County","36-087-0005","AQS"
"10/05/2019","4","","Rockland County","36-087-0005","AQS"
"10/06/2019","22","","Rockland County","36-087-0005","AQS"
"10/07/2019","13","","Rockland County","36-087-0005","AQS"
"10/09/2019","9","","Rockland County","36-087-0005","AQS"
"10/10/2019","10","","Rockland County","36-087-0005","AQS"
"10/11/2019","7","","Rockland County","36-087-0005","AQS"
"10/12/2019","10","","Rockland County","36-087-0005","AQS"
"10/13/2019","16","","Rockland County","36-087-0005","AQS"
"10/14/2019","26","","Rockland County","36-087-0005","AQS"
"10/16/2019","12","","Rockland County","36-087-0005","AQS"
"10/17/2019","5","","Rockland County","36-087-0005","AQS"
"10/18/2019","8","","Rockland County","36-087-0005","AQS"
"10/19/2019","18","","Rockland County","36-087-0005","AQS"
"10/20/2019","33","","Rockland County","36-087-0005","AQS"
"10/21/2019","25","","Rockland County","36-087-0005","AQS"
"10/22/2019","10","","Rockland County","36-087-0005","AQS"
"10/23/2019","15","","Rockland County","36-087-0005","AQS"
"10/24/2019","23","","Rockland County","36-087-0005","AQS"
"10/25/2019","36","","Rockland County","36-087-0005","AQS"
"10/26/2019","24","","Rockland County","36-087-0005","AQS"
"10/27/2019","7","","Rockland County","36-087-0005","AQS"
"10/28/2019","18","","Rockland County","36-087-0005","AQS"
"10/29/2019","9","","Rockland County","36-087-0005","AQS"
"10/30/2019","10","","Rockland County","36-087-0005","AQS"
"10/31/2019","9","","Rockland County","36-087-0005","AQS"
"11/01/2019","14","","Rockland County","36-087-0005","AQS"
"11/02/2019","18","","Rockland County","36-087-0005","AQS"
"11/03/2019","23","","Rockland County","36-087-0005","AQS"
"11/04/2019","19","","Rockland County","36-087-0005","AQS"
"11/05/2019","30","","Rockland County","36-087-0005","AQS"
"11/07/2019","22","","Rockland County","36-087-0005","AQS"
"11/08/2019","12","","Rockland County","36-087-0005","AQS"
"11/09/2019","12","","Rockland County","36-087-0005","AQS"
"11/10/2019","33","","Rockland County","36-087-0005","AQS"
"11/11/2019","55","","Rockland County","36-087-0005","AQS"
"11/12/2019","20","","Rockland County","36-087-0005","AQS"
"11/13/2019","14","","Rockland County","36-087-0005","AQS"
"11/14/2019","22","","Rockland County","36-087-0005","AQS"
"11/15/2019","30","","Rockland County","36-087-0005","AQS"
"11/16/2019","14","","Rockland County","36-087-0005","AQS"
"11/17/2019","13","","Rockland County","36-087-0005","AQS"
"11/18/2019","8","","Rockland County","36-087-0005","AQS"
"11/19/2019","14","","Rockland County","36-087-0005","AQS"
"11/20/2019","23","","Rockland County","36-087-0005","AQS"
"11/21/2019","28","","Rockland County","36-087-0005","AQS"
"11/22/2019","25","","Rockland County","36-087-0005","AQS"
"11/23/2019","17","","Rockland County","36-087-0005","AQS"
"11/24/2019","17","","Rockland County","36-087-0005","AQS"
"11/25/2019","43","","Rockland County","36-087-0005","AQS"
"11/26/2019","46","","Rockland County","36-087-0005","AQS"
"11/27/2019","42","","Rockland County","36-087-0005","AQS"
"11/28/2019","12","","Rockland County","36-087-0005","AQS"
"11/29/2019","10","","Rockland County","36-087-0005","AQS"
"11/30/2019","13","","Rockland County","36-087-0005","AQS"
"12/01/2019","14","","Rockland County","36-087-0005","AQS"
"12/02/2019","11","","Rockland County","36-087-0005","AQS"
"12/03/2019","15","","Rockland County","36-087-0005","AQS"
"12/04/2019","31","","Rockland County","36-087-0005","AQS"
"12/05/2019","22","","Rockland County","36-087-0005","AQS"
"12/06/2019","23","","Rockland County","36-087-0005","AQS"
"12/07/2019","19","","Rockland County","36-087-0005","AQS"
"12/08/2019","22","","Rockland County","36-087-0005","AQS"
"12/09/2019","14","","Rockland County","36-087-0005","AQS"
"12/10/2019","32","","Rockland County","36-087-0005","AQS"
"12/11/2019","28","","Rockland County","36-087-0005","AQS"
"12/12/2019","28","","Rockland County","36-087-0005","AQS"
"12/13/2019","18","","Rockland County","36-087-0005","AQS"
"12/14/2019","6","","Rockland County","36-087-0005","AQS"
"12/15/2019","29","","Rockland County","36-087-0005","AQS"
"12/16/2019","34","","Rockland County","36-087-0005","AQS"
"12/17/2019","17","","Rockland County","36-087-0005","AQS"
"12/18/2019","26","","Rockland County","36-087-0005","AQS"
"12/19/2019","31","","Rockland County","36-087-0005","AQS"
"12/20/2019","29","","Rockland County","36-087-0005","AQS"
"12/21/2019","33","","Rockland County","36-087-0005","AQS"
"12/22/2019","56","","Rockland County","36-087-0005","AQS"
"12/23/2019","52","","Rockland County","36-087-0005","AQS"
"12/24/2019","30","","Rockland County","36-087-0005","AQS"
"12/25/2019","42","","Rockland County","36-087-0005","AQS"
"12/26/2019","55","","Rockland County","36-087-0005","AQS"
"12/27/2019","39","","Rockland County","36-087-0005","AQS"
"12/28/2019","38","","Rockland County","36-087-0005","AQS"
"12/29/2019","40","","Rockland County","36-087-0005","AQS"
"12/30/2019","12","","Rockland County","36-087-0005","AQS"
"12/31/2019","20","","Rockland County","36-087-0005","AQS"
"01/01/2020","30","","Rockland County","36-087-0005","AQS"
"01/02/2020","43","","Rockland County","36-087-0005","AQS"
"01/03/2020","55","","Rockland County","36-087-0005","AQS"
"01/04/2020","38","","Rockland County","36-087-0005","AQS"
"01/05/2020","28","","Rockland County","36-087-0005","AQS"
"01/06/2020","32","","Rockland County","36-087-0005","AQS"
"01/07/2020","32","","Rockland County","36-087-0005","AQS"
"01/08/2020","35","","Rockland County","36-087-0005","AQS"
"01/09/2020","32","","Rockland County","36-087-0005","AQS"
"01/10/2020","34","","Rockland County","36-087-0005","AQS"
"01/11/2020","41","","Rockland County","36-087-0005","AQS"
"01/12/2020","29","","Rockland County","36-087-0005","AQS"
"01/13/2020","36","","Rockland County","36-087-0005","AQS"
"01/14/2020","35","","Rockland County","36-087-0005","AQS"
"01/15/2020","40","","Rockland County","36-087-0005","AQS"
"01/16/2020","34","","Rockland County","36-087-0005","AQS"
"01/17/2020","30","","Rockland County","36-087-0005","AQS"
"01/18/2020","24","","Rockland County","36-087-0005","AQS"
"01/19/2020","30","","Rockland County","36-087-0005","AQS"
"01/20/2020","26","","Rockland County","36-087-0005","AQS"
"01/21/2020","27","","Rockland County","36-087-0005","AQS"
"01/22/2020","33","","Rockland County","36-087-0005","AQS"
"01/23/2020","54","","Rockland County","36-087-0005","AQS"
"01/24/2020","49","","Rockland County","36-087-0005","AQS"
"01/25/2020","21","","Rockland County","36-087-0005","AQS"
"01/26/2020","20","","Rockland County","36-087-0005","AQS"
"01/27/2020","23","","Rockland County","36-087-0005","AQS"
"01/28/2020","19","","Rockland County","36-087-0005","AQS"
"01/29/2020","21","","Rockland County","36-087-0005","AQS"
"01/30/2020","29","","Rockland County","36-087-0005","AQS"
"01/31/2020","39","","Rockland County","36-087-0005","AQS"
"02/01/2020","38","","Rockland County","36-087-0005","AQS"
"02/02/2020","33","","Rockland County","36-087-0005","AQS"
"02/03/2020","30","","Rockland County","36-087-0005","AQS"
"02/04/2020","43","","Rockland County","36-087-0005","AQS"
"02/05/2020","20","","Rockland County","36-087-0005","AQS"
"02/06/2020","14","","Rockland County","36-087-0005","AQS"
"02/07/2020","20","","Rockland County","36-087-0005","AQS"
"02/08/2020","32","","Rockland County","36-087-0005","AQS"
"02/09/2020","36","","Rockland County","36-087-0005","AQS"
"02/10/2020","30","","Rockland County","36-087-0005","AQS"
"02/11/2020","20","","Rockland County","36-087-0005","AQS"
"02/12/2020","28","","Rockland County","36-087-0005","AQS"
"02/13/2020","18","","Rockland County","36-087-0005","AQS"
"02/14/2020","27","","Rockland County","36-087-0005","AQS"
"02/15/2020","26","","Rockland County","36-087-0005","AQS"
"02/16/2020","30","","Rockland County","36-087-0005","AQS"
"02/17/2020","35","","Rockland County","36-087-0005","AQS"
"02/18/2020","25","","Rockland County","36-087-0005","AQS"
"02/19/2020","23","","Rockland County","36-087-0005","AQS"
"02/20/2020","18","","Rockland County","36-087-0005","AQS"
"02/21/2020","18","","Rockland County","36-087-0005","AQS"
"02/22/2020","30","","Rockland County","36-087-0005","AQS"
"02/23/2020","33","","Rockland County","36-087-0005","AQS"
"02/24/2020","48","","Rockland County","36-087-0005","AQS"
"02/25/2020","50","","Rockland County","36-087-0005","AQS"
"02/26/2020","20","","Rockland County","36-087-0005","AQS"
"02/27/2020","14","","Rockland County","36-087-0005","AQS"
"02/28/2020","18","","Rockland County","36-087-0005","AQS"
"02/29/2020","21","","Rockland County","36-087-0005","AQS"
"03/01/2020","21","","Rockland County","36-087-0005","AQS"
"03/02/2020","47","","Rockland County","36-087-0005","AQS"
"03/03/2020","33","","Rockland County","36-087-0005","AQS"
"03/04/2020","18","","Rockland County","36-087-0005","AQS"
"03/06/2020","17","","Rockland County","36-087-0005","AQS"
"03/07/2020","17","","Rockland County","36-087-0005","AQS"
"03/08/2020","16","","Rockland County","36-087-0005","AQS"
"03/09/2020","36","","Rockland County","36-087-0005","AQS"
"03/10/2020","35","","Rockland County","36-087-0005","AQS"
"03/11/2020","15","","Rockland County","36-087-0005","AQS"
"03/12/2020","25","","Rockland County","36-087-0005","AQS"
"03/13/2020","11","","Rockland County","36-087-0005","AQS"
"03/14/2020","18","","Rockland County","36-087-0005","AQS"
"03/15/2020","16","","Rockland County","36-087-0005","AQS"
"03/17/2020","16","","Rockland County","36-087-0005","AQS"
"03/18/2020","23","","Rockland County","36-087-0005","AQS"
"03/19/2020","12","","Rockland County","36-087-0005","AQS"
"03/20/2020","20","","Rockland County","36-087-0005","AQS"
"03/21/2020","15","","Rockland County","36-087-0005","AQS"
"03/22/2020","27","","Rockland County","36-087-0005","AQS"
"03/23/2020","5","","Rockland County","36-087-0005","AQS"
"03/24/2020","11","","Rockland County","36-087-0005","AQS"
"03/25/2020","16","","Rockland County","36-087-0005","AQS"
"03/26/2020","21","","Rockland County","36-087-0005","AQS"
"03/27/2020","21","","Rockland County","36-087-0005","AQS"
"03/28/2020","15","","Rockland County","36-087-0005","AQS"
"03/29/2020","4","","Rockland County","36-087-0005","AQS"
"03/30/2020","13","","Rockland County","36-087-0005","AQS"
"03/31/2020","6","","Rockland County","36-087-0005","AQS"
